CREATE TABLE "boeken" (
	"BOEKNR",
	"AUTNR"	,
	"TITEL"	,
	"PUB_JAAR",
	"AANTALPAGS",
	"GENRE"	,
	"RUBRIEK"
);
CREATE TABLE "leerlingen" (
	"LLNR",
	"VOORNAAM",
	"TUSSENVOEGSEL"	,
	"ACHTERNAAM",
	"STRAAT",
	"HUISNUMMER",
	"POSTCODE",
	"PLAATS",
	"TELEFOON",
	"GESLACHT",
	"GEB_DATUM"	,
	"KLAS"
);
CREATE TABLE "reserveringen" (
	"BOEKNR",
	"LLNR",
	"DATUM_RESERVERING"	,
	"DATUM_BESCHIKBAAR"	,
	"KOSTEN_BETAALD",
	"STATUS"
);
CREATE TABLE "uitleningen" (
	"BOEKNR",
	"EXNR",
	"LLNR",
	"DATUM_UIT"	,
	"DATUM_TERUG",
	"BOETE"	
);
CREATE TABLE "auteurs" (
	"AUTEURNR",
	"VOORNAAM",
	"VOORLETTERS",
	"TUSSENVOEGSEL"	,
	"ACHTERNAAM",
	"GEB_JAAR",
	"STERF_JAAR"
);
CREATE TABLE "exemplaren" (
	"BOEKNR",
	"EXNR",
	"UITLEENBAAR",
	"STATUS"
);
INSERT INTO boeken VALUES ("1", "30", "Ook dat nog", "1982", "194", "beeldverhaal", "nederlands"),
("2", "31", "Verzamelde Gedichten", "1941", "195", "poëzie", "nederlands"),
("3", "71", "Het bittere kruid", "1957", "90", "novelle", "nederlands"),
("4", "56", "Mijn kinderen eten Turf", "1959", "216", "hum. roman", "nederlands"),
("5", "90", "Oeroeg", "1948", "122", "novelle", "nederlands"),
("6", "35", "Erik, of het klein insectenboek", "1941", "193", "roman", "nederlands"),
("7", "36", "Gijsbrecht van Amstel", "1637", "0", "toneel", "nederlands"),
("8", "41", "Het jaar van de Kreeft", "1972", "329", "roman", "nederlands"),
("9", "33", "In de bovenkooi", "1972", "236", "verhalen", "nederlands"),
("10", "73", "Kort Amerikaans", "1962", "174", "roman", "nederlands"),
("11", "60", "Animal Farm", "1945", "111", "roman", "engels"),
("12", "60", "1984", "1948", "272", "roman", "engels"),
("13", "64", "A Catcher in the Rye", "1945", "286", "roman", "engels"),
("14", "65", "On the Beach", "1957", "120", "roman", "engels"),
("15", "42", "Lord of the Flies", "1954", "225", "roman", "engels"),
("16", "38", "De klucht van de koe", "1613", "62", "toneel", "nederlands"),
("17", "78", "Het verboden rijk", "1932", "154", "roman", "nederlands"),
("18", "47", "De donkere kamer van Damocles", "1958", "335", "roman", "nederlands"),
("19", "56", "Beekman en Beekman", "1950", "416", "hum. roman", "nederlands"),
("20", "77", "Camera Obscura", "1839", "479", "verhalen", "nederlands"),
("21", "93", "The Old Man and the Sea", "1952", "109", "roman", "engels"),
("22", "52", "Kaplan", "1986", "464", "roman", "nederlands"),
("23", "39", "Het leven is vurrukkuluk!", "1961", "163", "roman", "nederlands"),
("24", "70", "The Hobbit", "1937", "253", "fantasy", "engels"),
("25", "44", "De uitvreter - Titaantjes - Dichtertje", "1918", "121", "novellen", "nederlands"),
("27", "58", "De aanslag", "1982", "254", "roman", "nederlands"),
("28", "73", "Terug naar Oestgeest", "1965", "248", "roman", "nederlands"),
("30", "37", "Blokken, Knorrende Besten, Bint", "1934", "155", "novellen", "nederlands"),
("31", "69", "De koperen tuin", "1950", "279", "roman", "nederlands"),
("33", "62", "De Avonden", "1947", "222", "roman", "nederlands"),
("34", "47", "Nooit meer Slapen", "1966", "265", "roman", "nederlands"),
("35", "41", "Het verdriet van Belgie", "1983", "774", "roman", "nederlands"),
("36", "58", "Het stenen bruidsbed", "1959", "219", "roman", "nederlands"),
("37", "999", "Karel ende Elegast", "1200", "63", "vertelling", "nederlands"),
("39", "32", "Hersenschimmen", "1984", "162", "roman", "nederlands"),
("40", "47", "King Kong", "1981", "128", "toneel", "nederlands"),
("41", "30", "Geld speelt geen rol", "1991", "256", "beeldverhaal", "nederlands"),
("42", "63", "Margot en de engelen", "1997", "239", "roman", "nederlands"),
("43", "59", "Max Havelaar", "1860", "287", "roman", "nederlands"),
("47", "69", "De nadagen van Pilatus", "1938", "246", "roman", "nederlands"),
("48", "40", "Trio voor een hand", "1986", "338", "verhalen", "nederlands"),
("49", "40", "Kroeglopen 1", "1962", "170", "verhalen", "nederlands"),
("50", "40", "Kroeglopen 2", "1965", "170", "verhalen", "nederlands"),
("51", "67", "Gullivers Travels", "1726", "318", "roman", "engels"),
("52", "124", "Het gouden ei", "1984", "0", "roman", "nederlands"),
("53", "148", "De geschiedenis van Griekenland", "1989", "235", "studie", "geschiedenis"),
("54", "76", "Dubbelspel", "1973", "365", "roman", "nederlands"),
("55", "999", "Van de vos Reynaarde", "1200", "127", "vertelling", "nederlands"),
("56", "151", "Insectengids", "2000", "446", "studie", "biologie"),
("57", "147", "Insecten in kleur, de insecten van Europa", "1997", "159", "studie", "biologie"),
("58", "153", "Planten in de polder", "1999", "176", "studie", "biologie"),
("59", "149", "Vissen en amfibieën", "1970", "0", "studie", "biologie"),
("60", "43", "Vallende ouders", "1983", "471", "roman", "nederlands"),
("61", "150", "Tabellenboek scheikunde", "0", "0", "studie", "scheikunde"),
("62", "150", "Tabellenboek Natuurkunde", "0", "0", "studie", "natuurkunde"),
("63", "131", "In Patagonia", "1977", "186", "reisverhalen", "engels"),
("64", "80", "Of Mice and Man", "1937", "106", "novelle", "engels"),
("65", "68", "Milieukunde en milieubeleid", "1993", "346", "studie", "biologie"),
("67", "144", "Werken aan een baan, beroepenboek", "1991", "148", "studie", "maatschappijleer"),
("68", "74", "Democratie, ideaal en weerbarstige werkelijkheid", "1996", "260", "studie", "maatschappijleer"),
("70", "36", "Lucifer", "1654", "0", "toneel", "nederlands"),
("71", "47", "Het behouden huis", "1951", "79", "novelle", "nederlands"),
("72", "61", "Watership Down", "1972", "478", "roman", "engels"),
("73", "124", "De renner", "1978", "130", "novelle", "nederlands"),
("74", "114", "Opperlandse taal- en letterkunde", "1981", "203", "essays", "nederlands"),
("75", "49", "Op Hoop van Zegen", "1901", "132", "toneel", "nederlands"),
("76", "46", "Han de Wit gaat in de ontwikkelingshulp", "1972", "118", "verhalen", "nederlands"),
("77", "70", "The Lord of the Rings", "1954", "1085", "fantasy", "engels"),
("78", "45", "Een vlucht Regenwulpen", "1978", "197", "roman", "nederlands"),
("79", "32", "Publiek Geheim", "1987", "242", "roman", "nederlands"),
("81", "47", "Au pair", "1986", "415", "roman", "nederlands"),
("82", "47", "Mandarijnen op zwavelzuur", "1985", "278", "essays", "nederlands"),
("83", "47", "Ik heb altijd gelijk", "1951", "258", "roman", "nederlands"),
("87", "47", "Een wonderkind of een totalloss", "1967", "224", "verhalen", "nederlands"),
("88", "47", "De woeste wandeling", "1981", "119", "toneel", "nederlands"),
("89", "48", "Jan van Gent", "1968", "252", "roman", "nederlands"),
("90", "37", "Karakter", "1938", "248", "roman", "nederlands"),
("91", "39", "Tjeempie, of Liesje in Luiletterland", "1968", "141", "roman", "nederlands"),
("92", "35", "Kopstukken", "1947", "112", "verhalen", "nederlands"),
("93", "96", "Bougainville", "1981", "128", "roman", "nederlands"),
("94", "54", "Into the Heart of Borneo", "1984", "183", "reisverhalen", "engels"),
("96", "45", "De kroongetuige", "1983", "212", "roman", "nederlands"),
("97", "100", "Het hemelse gerecht", "1991", "186", "roman", "nederlands"),
("98", "43", "De gevarendriehoek", "1985", "477", "roman", "nederlands"),
("99", "66", "Links!", "1986", "186", "roman", "nederlands"),
("100", "58", "De ontdekking van de hemel", "1992", "900", "roman", "nederlands"),
("101", "96", "Teheran, een zwanenzang", "1991", "390", "roman", "nederlands"),
("102", "100", "Een sterke man", "1994", "285", "roman", "nederlands"),
("103", "102", "De wetten", "1991", "237", "roman", "nederlands"),
("105", "62", "Op weg naar het einde", "1963", "188", "brieven", "nederlands"),
("107", "104", "Het meesterstuk", "1994", "349", "roman", "nederlands"),
("108", "101", "A Prayer for Owen Meany", "1989", "637", "roman", "engels"),
("109", "137", "The Joy Luck Club", "1993", "332", "roman", "engels"),
("110", "122", "Indische Duinen", "1994", "314", "roman", "nederlands"),
("111", "73", "De kus", "1977", "396", "roman", "nederlands"),
("112", "33", "De verpletterende werkelijkheid", "1979", "326", "verhalen", "nederlands"),
("115", "78", "Het leven op aarde", "1934", "198", "roman", "nederlands"),
("116", "99", "East, West", "1995", "211", "verhalen", "engels"),
("119", "80", "East of Eden", "1952", "728", "roman", "engels"),
("122", "140", "Wonderful Life", "1989", "323", "studie", "biologie"),
("123", "84", "Die Dreigroschenoper", "1928", "109", "toneel", "duits"),
("124", "84", "Die heilige Johanna der Schlachthöfe", "1962", "148", "", "duits"),
("126", "85", "Voor wie ik liefheb wil ik heten", "1966", "122", "poëzie", "nederlands"),
("127", "43", "Advocaat van de hanen", "1990", "572", "roman", "nederlands"),
("128", "91", "Hundejahre", "1963", "473", "roman", "duits"),
("129", "128", "Bruiloft aan zee", "1996", "222", "roman", "nederlands"),
("130", "129", "De poorten van Damascus", "1993", "345", "reisverhalen", "nederlands"),
("131", "34", "Ik ook van jou", "1992", "182", "roman", "nederlands"),
("132", "52", "Zionoco", "1995", "383", "roman", "nederlands"),
("133", "52", "SuperTex", "1997", "252", "roman", "nederlands"),
("140", "75", "Het Verhaal", "1986", "131", "roman", "nederlands"),
("141", "80", "The Grapes of Wrath", "1939", "536", "roman", "engels"),
("142", "139", "The Bonfire of Vanities", "1988", "730", "roman", "engels"),
("143", "126", "Figuranten", "1997", "300", "roman", "nederlands"),
("145", "72", "A Bend in the River", "1979", "278", "roman", "engels"),
("146", "62", "De vierde man", "1981", "140", "roman", "nederlands"),
("147", "51", "Het avondrood der magiërs", "1970", "159", "essays", "nederlands"),
("148", "50", "Lof der simpelheid", "1988", "208", "essays", "nederlands"),
("152", "148", "De geschiedenis van Rome", "1989", "301", "studie", "geschiedenis"),
("153", "134", "Het damestasje", "1987", "164", "verhalen", "nederlands"),
("154", "116", "Orlando Furioso", "0", "827", "roman", "engels"),
("155", "118", "The song of Troy", "1998", "404", "roman", "engels"),
("156", "79", "Gedichten", "0", "306", "poëzie", "nederlands"),
("157", "41", "De verwondering", "1962", "245", "roman", "nederlands"),
("158", "53", "Vals licht", "1991", "276", "roman", "nederlands"),
("159", "117", "Het lelietheater", "1997", "490", "roman", "nederlands"),
("160", "93", "For Whom the Bell Tolls", "1940", "430", "roman", "engels"),
("161", "95", "Life & Times of Michael K", "1983", "184", "roman", "engels"),
("163", "101", "The World According to Garp", "1976", "609", "roman", "engels"),
("164", "103", "The Quiet American", "1955", "189", "roman", "engels"),
("165", "103", "Our Man in Havana", "1958", "220", "roman", "engels"),
("166", "61", "The Plague Dogs", "1977", "480", "roman", "engels"),
("184", "47", "Herinneringen van een engelbewaarder", "1971", "394", "roman", "nederlands"),
("185", "34", "Giph!", "1993", "224", "roman", "nederlands"),
("187", "30", "Een groot denkraam", "1972", "245", "beeldverhaal", "nederlands"),
("188", "123", "The Canterbury Tales", "0", "526", "roman", "engels"),
("189", "122", "Het beloofde land", "1990", "126", "reisverhalen", "nederlands"),
("190", "121", "De wereld gaat aan vlijt ten onder", "1954", "240", "roman", "nederlands"),
("191", "121", "De deur op een kier", "1958", "247", "roman", "nederlands"),
("192", "122", "Een barbaar in China", "1987", "151", "reisverhalen", "nederlands"),
("193", "41", "Omtrent deedee", "1963", "150", "roman", "nederlands"),
("195", "120", "De Witte", "1920", "224", "hum. roman", "nederlands"),
("196", "121", "Ik geef jou een gedicht of wat", "1983", "124", "poëzie", "nederlands"),
("197", "119", "Halssnoer en Kalebas", "1967", "351", "detective", "nederlands"),
("198", "119", "Labyrint in Lan Fang", "1956", "0", "detective", "nederlands"),
("200", "117", "Het tedere kind", "1999", "350", "roman", "nederlands"),
("201", "87", "The two cultures", "0", "0", "", "engels"),
("202", "81", "A tale of two cities", "1859", "0", "roman", "engels"),
("203", "81", "The old curiosity shop", "1841", "0", "roman", "engels"),
("204", "81", "Dombey and son", "1848", "0", "roman", "engels"),
("205", "81", "A Christmas Carol", "1843", "0", "roman", "engels"),
("206", "81", "Oliver Twist", "1939", "0", "roman", "engels"),
("207", "89", "La Dame aux Camélias", "1848", "316", "roman", "frans"),
("208", "88", "Les compagnons de Jéhus", "0", "0", "", "frans"),
("209", "91", "Katz und Maus", "1962", "112", "novelle", "duits"),
("210", "90", "Heren van de thee", "1992", "302", "roman", "nederlands"),
("211", "92", "Of human bondage", "1915", "606", "roman", "engels"),
("213", "30", "Als je begrijpt wat ik bedoel", "1967", "222", "beeldverhaal", "nederlands"),
("215", "43", "Het hof van barmhartigheid", "1996", "654", "roman", "nederlands"),
("216", "43", "Onder het plaveisel het moeras", "1996", "768", "roman", "nederlands"),
("218", "97", "High Fidelity", "1995", "253", "roman", "engels"),
("219", "95", "Disgrace", "1999", "220", "roman", "engels"),
("221", "101", "A Son of the Circus", "1994", "633", "roman", "engels"),
("222", "105", "Trainspotting", "1993", "343", "roman", "engels"),
("225", "94", "De fluwelen machine", "1998", "154", "verhalen", "nederlands"),
("226", "102", "De vriendschap", "1995", "312", "roman", "nederlands"),
("227", "104", "Het geheim", "1997", "234", "roman", "nederlands"),
("230", "131", "The Songlines", "1987", "294", "reisverhalen", "engels"),
("232", "73", "De doodshoofdvlinder", "1979", "243", "roman", "nederlands"),
("240", "50", "Over de bergen", "1990", "237", "roman", "nederlands"),
("241", "130", "De voeten van Abdullah", "1996", "140", "verhalen", "nederlands"),
("242", "117", "Het witte feest", "2000", "140", "novelle", "nederlands"),
("243", "53", "De buitenvrouw", "1994", "235", "roman", "nederlands"),
("244", "126", "Fantoompijn", "2000", "254", "roman", "nederlands"),
("245", "141", "Tranen over Hollandia", "2001", "347", "detective", "nederlands"),
("250", "109", "The Art of Computer programming", "1966", "616", "studie", "informatica"),
("251", "107", "Een inleiding in databasesystemen (6e ed.)", "1994", "816", "studie", "informatica"),
("252", "112", "Computernetwerken (2e ed.)", "1997", "800", "studie", "informatica"),
("253", "108", "Het SQL leerboek (5e ed.)", "1998", "614", "studie", "informatica"),
("254", "110", "Object-Oriented Design", "1991", "565", "studie", "informatica"),
("255", "111", "Hooked on Java", "1996", "176", "studie", "informatica"),
("256", "113", "Volledig communicatiegeorienteerde informatiemodellering", "1996", "272", "studie", "informatica"),
("257", "115", "Cryptografie en ICT", "2001", "202", "studie", "informatica"),
("258", "132", "In Babylon", "1997", "472", "roman", "nederlands"),
("259", "128", "De langverwachte", "2002", "396", "roman", "nederlands"),
("260", "129", "Dans van de luipaard", "2001", "448", "roman", "nederlands"),
("261", "106", "Eilandgasten", "1999", "205", "roman", "nederlands"),
("262", "124", "De grot", "1997", "181", "roman", "nederlands"),
("263", "127", "True history of the Kelly Gang", "2001", "371", "roman", "engels"),
("264", "125", "De passievrucht", "1999", "237", "roman", "nederlands"),
("265", "58", "Siegfried", "2001", "213", "roman", "nederlands"),
("266", "98", "Geheime kamers", "2000", "488", "roman", "nederlands"),
("267", "72", "Half a Life", "2001", "206", "roman", "engels"),
("268", "76", "De eeuwige Hond", "2001", "166", "verhalen", "nederlands"),
("269", "54", "Congo Journey", "1996", "464", "reisverhalen", "engels");
INSERT INTO leerlingen VALUES ("51", "Janco", "", "Dijke van", "Houtenseweg", "8", "3984LJ", "Odijk", "030-6542278", "m", "1985-09-16", "5a"),
("52", "Rene", "", "Bokker", "Graaf Boudewijnlaan", "35", "3464DV", "Nieuwegein", "030-6014019", "m", "1987-02-20", "5b"),
("53", "Marco", "van", "Bemmel", "Wielingenstraat", "6", "3522PG", "Utrecht", "030-2112237", "m", "1986-10-06", "4a"),
("54", "Petra", "", "Rohstein", "Vlierweg", "40", "3991BE", "Houten", "", "v", "1987-01-29", "4b"),
("55", "Nourdine", "", "Abloukie", "Potgieterstraat", "25 bis", "3532VP", "Utrecht", "030-2864548", "v", "1985-09-23", "5a"),
("56", "Nathalie", "van", "Horp", "Auriollaan", "71", "3527ES", "Utrecht", "030-2231231", "v", "1984-03-13", "6b"),
("57", "Debby", "van der", "Boogaard", "Ferdinand Bolstraat", "70", "3586AS", "Utrecht", "030-2456132", "v", "1986-04-19", "5b"),
("58", "Monique", "", "Aalbers", "Lange Uitweg", "18", "3998WE", "Schalkwijk", "030-6035676", "v", "1985-06-20", "6b"),
("59", "Yvanka", "", "Uittenbogaard", "Huize de Geerlaan", "121", "3523JN", "Utrecht", "", "v", "1985-01-21", "6a"),
("60", "", "", "Bosveld", "Boslaan", "16", "3981XD", "Bunnik", "030-6554654", "v", "1984-08-02", "6b"),
("61", "Danielle", "", "Hoevelaken", "Frederik van Eedenstr.", "26", "3451AZ", "Vleuten", "030-6762341", "v", "1985-10-23", "5a"),
("62", "Arnold", "de", "Jong", "Oudegeinlaan", "8", "3525XK", "Utrecht", "030-2543632", "m", "1987-04-09", "4b"),
("63", "Patricia", "", "Bloesem", "Albatrosstraat", "30", "3582EX", "Utrecht", "030-2768431", "v", "1985-09-04", "5a"),
("64", "Robert", "", "Okkernoot", "Herenweg", "12", "3991DS", "Houten", "030-6935687", "m", "1986-12-26", "4a"),
("66", "Dennis", "", "Smets", "Merelhaag", "30", "3993XA", "Houten", "030-6993211", "m", "1984-07-11", "5b"),
("67", "Aroena", "", "Makassar", "Boslaan", "38", "3981XD", "Bunnik", "", "v", "1985-02-16", "6b"),
("68", "Monique", "", "Mensink", "Julianaweg", "467", "3523XB", "Utrecht", "", "v", "1984-12-17", "6a"),
("69", "Alex", "van", "Rooden", "Chathams", "33", "3524JS", "Utrecht", "030-2611661", "m", "1985-09-18", "5a"),
("70", "Rezah", "", "Barkouki", "Ridderlaan", "31 II", "3523HR", "Utrecht", "030-4357245", "m", "1984-07-30", "6b"),
("71", "Gert", "de", "Jongste", "van Riemsdijkgaarde", "41", "3981XH", "Bunnik", "030-653442", "m", "1986-03-23", "5b"),
("72", "Amer", "", "Ramcharan", "Meekrap-oord", "6", "3991VE", "Houten", "030-6935673", "v", "1987-05-06", "4b"),
("73", "Silvia", "van der", "Linden", "Kastelenplantsoen", "25", "3525EP", "Utrecht", "", "v", "1984-08-31", "6a"),
("74", "Prediep", "", "Misrielal", "Furkabaan", "30", "3524ZJ", "Utrecht", "030-2734577", "m", "1987-05-31", "4a"),
("75", "Michiel", "van", "Roomen", "Turkooislaan", "43", "3523GK", "Utrecht", "030-2653224", "m", "1987-03-19", "4b"),
("76", "Inge", "", "Bosweg", "Amstelstraat", "39", "3522AT", "Utrecht", "", "v", "1987-01-17", "4a"),
("77", "Rafael", "", "Menendez", "Tholen", "25", "3524ZN", "Utrecht", "", "v", "1987-02-25", "4b"),
("78", "Astrid", "", "Poolster", "Smalleweg", "2", "3981EG", "Bunnik", "030-6524561", "v", "1986-08-25", "4b"),
("79", "Sandra", "van der", "Kap", "Constant Erzeystraat", "37", "3523VS", "Utrecht", "030-2852763", "v", "1986-04-24", "5b"),
("80", "Lorraine", "", "Portiek", "Vaartserijnstraat", "4", "3523TC", "Utrecht", "03473-44862", "v", "1984-06-25", "5b"),
("81", "Patrick", "", "Heijmans", "Krozengaarde", "21", "3992JB", "Houten", "030-6989764", "m", "1985-01-15", "5a"),
("82", "Gita", "", "Kalisadra", "Frederik van Eedenstr.", "8", "3451AZ", "Vleuten", "030-6753451", "v", "1985-01-05", "6a"),
("83", "Aniel", "", "Mangakas", "Verl. Hoogravenseweg", "216", "3523KH", "Utrecht", "030-2743434", "m", "1984-07-04", "6b"),
("84", "Wendy", "van der", "Berk", "Langeweg", "127", "4136AV", "Vianen", "03473-17491", "v", "1986-05-25", "5b"),
("85", "Nastasja", "van", "Kesteren", "Merwedekade", "151", "3522JB", "Utrecht", "030-2234574", "v", "1985-08-03", "4a"),
("86", "Saskia", "", "Onk", "Futenweide", "22", "3996BG", "Houten", "030-6987565", "v", "1987-01-29", "4a"),
("87", "Rene", "", "Vandercolebens", "Rijnhuizenlaan", "51", "3523JA", "Utrecht", "030-2346423", "m", "1985-04-19", "6b"),
("88", "Wiki", "", "Kalaitzis", "Livingstonelaan", "1236", "3526JV", "Utrecht", "030-2452396", "v", "1985-11-10", "5a"),
("89", "Martijn", "", "Hinselink", "Soestdijksstraat", "4", "3523VM", "Utrecht", "030-2912341", "m", "1984-10-31", "6a"),
("90", "Peter", "van der", "Breevoort", "Jaap Edendreef", "40", "3562EV", "Utrecht", "030-2166166", "m", "1986-02-14", "5a"),
("91", "Mirjam", "", "Tersteegh", "Amaliastraat", "32", "3522AT", "Utrecht", "", "v", "1985-04-17", "6b"),
("92", "Rick", "", "Sturkenboom", "Vaartserijnstraat", "38", "3523TC", "Utrecht", "030-2216165", "m", "1986-01-25", "5a"),
("93", "Bianca", "de", "Jong", "Oudegeinlaan", "8", "3525XK", "Utrecht", "030-2543632", "v", "1986-07-27", "4b"),
("94", "Fatna", "", "Jebbar", "t Woerel", "20", "3981XK", "Bunnik", "", "v", "1986-10-01", "4a"),
("95", "John", "", "Bartemans", "Simplonbaan", "235", "3524CD", "Utrecht", "030-2834583", "m", "1986-11-04", "4a"),
("96", "Carola", "van", "Roozen", "Boomgaardweg", "34", "3984KJ", "Odijk", "", "v", "1987-03-21", "4b"),
("97", "Mark", "", "Jacobusse", "Lofoten", "39", "3524EN", "Utrecht", "", "m", "1987-06-04", "4a"),
("98", "Lia", "", "Politiek", "Duivenkamp", "431", "3607BE", "Doorn", "03430-73556", "v", "1984-12-18", "6a"),
("99", "Ad", "", "Vonstergang", "Graaf Gustaaflaan", "10", "3434DX", "Nieuwegein", "030-6084213", "m", "1984-11-14", "6a"),
("100", "Mark", "", "Pullman", "Vronesteinlaan", "92", "3525XG", "Utrecht", "", "m", "1984-08-14", "6a"),
("101", "Marco", "", "Robbekoort", "Dominicushof", "47", "4136AM", "Vianen", "01836-14986", "m", "1986-07-11", "4b"),
("102", "Ilse", "", "Ebbenhorst", "Dolomieten", "17", "3524VE", "Utrecht", "030-2757588", "v", "1985-12-08", "5a"),
("103", "Esther", "van", "Heesteren", "IJsselsteinlaan", "21-I", "3525ET", "Utrecht", "030-2117465", "v", "1984-09-14", "6a"),
("104", "Pascal", "vander", "Weelderen", "Constant Erzeystraat", "8 II", "3523VS", "Utrecht", "030-2678954", "m", "1985-05-09", "6b"),
("105", "Petra", "", "Veelenturf", "Rijnlaan", "126 b", "3522BT", "Utrecht", "030-2321321", "v", "1985-03-22", "6a"),
("106", "Manuela", "de", "Galan", "Stevin de Witplein", "25", "3981JA", "Bunnik", "030-6540766", "v", "1986-12-23", "4a"),
("107", "Dolinda", "", "Vorkmans", "Rijnlaan", "118 b", "3522BT", "Utrecht", "030-2321421", "v", "1986-11-04", "4a"),
("108", "Freddy", "", "Ligthart", "Yokohamadreef", "18", "3564XJ", "Utrecht", "", "m", "1986-02-09", "5a"),
("109", "Natasja", "", "Frederickse", "Taunus", "35", "3524HA", "Utrecht", "030-1188765", "v", "1984-08-24", "6b"),
("110", "Peter", "", "Hordijk", "Franciscushof", "180", "4136BK", "Vianen", "03473-45322", "m", "1986-12-30", "4a"),
("111", "Astrid", "", "Biemans", "Barbiersgilde", "9", "3994CR", "Houten", "030-6934257", "v", "1986-12-24", "4a"),
("112", "Tico", "", "Marugg", "Marshalllaan", "1", "3527TA", "Utrecht", "030-2356734", "m", "1986-07-05", "5b"),
("113", "Raymond", "", "Frederiksen", "Klaverkamp", "42", "4133TK", "Vianen", "030-2578901", "m", "1986-07-23", "4a"),
("114", "Ruby", "", "Monte Alegre", "Joseph Haydnlaan", "82", "3536AL", "Utrecht", "", "v", "1985-02-25", "6b"),
("115", "Vincent", "", "Klastra", "Barnsteenlaan", "59 II", "3526BG", "Utrecht", "030-2679854", "m", "1986-08-06", "4b"),
("116", "Claudia", "van", "Campen", "Boslaan", "4", "3981XD", "Bunnik", "030-6542293", "v", "1984-08-22", "6a"),
("117", "Mirjana", "de", "Jong", "IJsselsteinlaan", "11", "3525ET", "Utrecht", "030-2234234", "v", "1987-02-21", "4b"),
("118", "Wilma", "", "Elkema", "Montfoortlaan", "14", "3525EK", "Utrecht", "030-2469873", "v", "1984-09-03", "6b"),
("119", "Tanja", "", "Winkelaar", "Croeselaan", "101", "3521BL", "Utrecht", "030-2877463", "v", "1984-12-23", "6a"),
("120", "Nancy", "", "Veelenturf", "Rijnlaan", "126 b", "3522BT", "Utrecht", "030-2321321", "v", "1985-03-22", "6b"),
("121", "Karin", "", "Fredericksen", "Boslaan", "22", "3981XD", "Bunnik", "", "v", "1985-01-30", "6b"),
("122", "Rob", "de", "Witte", "Roelof Droststraat", "211", "3523KB", "Utrecht", "030-2856247", "m", "1987-03-27", "4b"),
("123", "Bart", "", "Smit", "Overeindseweg", "29", "3439LP", "Nieuwegein", "030-6036412", "m", "1984-11-11", "6a"),
("124", "Robin", "", "Fredericks", "Huifkardrift", "17", "3436XS", "Nieuwegein", "030-6066304", "m", "1985-09-17", "5a"),
("125", "Nienke", "", "Bekvoort", "Jacob Catsstraat", "6 bis", "3521VD", "Utrecht", "", "v", "1986-03-11", "5b"),
("126", "Franka", "", "Euginio", "Achterdijk", "1", "3981HA", "Bunnik", "030-6534142", "v", "1987-04-28", "4b"),
("127", "Remco", "", "Dijkstra", "Ridderplantsoen", "9 II", "3523HV", "Utrecht", "", "m", "1986-10-29", "4a"),
("128", "Jantine", "de", "Bakker", "Kasteelstraat", "26", "3523HZ", "Utrecht", "030-2312805", "v", "1986-07-28", "4a"),
("129", "Hester", "de", "Smet", "Deken Heinenstraat", "29", "3981WG", "Bunnik", "030-6534767", "v", "1986-02-18", "5b"),
("130", "Mariel", "", "Frederikse", "Rijnlaan", "184", "3522BT", "Utrecht", "030-2456578g", "v", "1987-06-08", "4b"),
("131", "Helen", "", "Bonsinga", "Zwanenweide", "2", "3996EW", "Houten", "030-6537311", "v", "1985-09-10", "5a"),
("132", "Robbie", "", "Staal", "Gruttoweide", "15", "3996DL", "Houten", "030-6577663", "m", "1987-06-17", "4b"),
("133", "Saida", "", "Barkouki", "Ridderlaan", "31 II", "3523HR", "Utrecht", "030-24357245", "v", "1986-12-24", "4a"),
("134", "Angelique", "", "Bruis", "Verl. Hoogravenseweg", "155", "3523KH", "Utrecht", "030-2346578g", "v", "1985-12-01", "5a"),
("135", "Annemieke", "van", "Heumen", "t Woerel", "49", "3981XK", "Bunnik", "030-6545675", "v", "1987-03-31", "4b"),
("136", "Karin", "van", "Bukel", "Amsterdamsestraatweg", "69", "3516AD", "Utrecht", "030-2349876", "v", "1984-08-27", "6b"),
("137", "Edwin", "", "Klastra", "Barnsteenlaan", "59 II", "3526BG", "Utrecht", "030-2679854", "m", "1986-06-29", "4a"),
("138", "Sandra", "", "Jeustra", "Haveroord", "4", "3991XG", "Houten", "030-6513498", "v", "1985-06-19", "6b"),
("139", "Deirdre", "", "Heemsraadt", "Mendes da Costalaan", "60", "3431AB", "Nieuwegein", "030-6098561", "v", "1984-11-06", "6a"),
("140", "Gerard", "", "Frederiks", "Boterbloemhof", "17", "3991GR", "Houten", "030-6974624", "m", "1986-12-01", "4a"),
("141", "Daphne", "", "Damen", "Hop-oord", "2", "3991XB", "Houten", "030-6534526g", "v", "1985-02-23", "6b"),
("142", "Luis", "", "Cormanas Cardozo", "Kon. Emmaweg", "51", "3991BJ", "Houten", "030-6918764", "m", "1984-09-13", "6a"),
("143", "Jeroen", "", "Groot", "Eifel", "52", "3524HJ", "Utrecht", "030-2759999", "m", "1985-06-21", "6b"),
("144", "Astrid", "", "Stolp", "Afrikalaan", "183", "3526VK", "Utrecht", "", "v", "1986-01-10", "5a"),
("145", "Aphrodite", "", "Southia", "Briljantlaan", "50", "3526CG", "Utrecht", "", "v", "1985-01-22", "6a"),
("146", "Shola", "", "Soekhoe", "Herikhof", "10", "3991GT", "Houten", "030-6548735", "v", "1984-07-13", "6b"),
("147", "Erwin", "", "Beijer", "Herwijnenplantsoen", "241", "3431VH", "Nieuwegein", "030-6034654", "m", "1984-11-15", "6a"),
("148", "Kamla", "", "Bidessi", "Secretaris de Jonglaan", "25", "3981ZG", "Bunnik", "030-6543121", "v", "1987-03-12", "4b"),
("149", "Fiona", "", "Villeners", "Reitdiepstraat", "24 I", "3522GJ", "Utrecht", "030-2712394", "v", "1985-02-18", "6b"),
("150", "Mandy", "", "Veelenturf", "Rijnlaan", "126 b", "3522BT", "Utrecht", "030-2321321", "v", "1985-03-22", "6b"),
("151", "Pieter", "", "Hoogenbirk", "Ondiep", "65", "3551EB", "Utrecht", "030-2714562", "m", "1984-12-11", "6a"),
("152", "Patrick", "van der", "Craats", "Berkelstraat", "94", "3522ET", "Utrecht", "030-2986468", "m", "1986-03-15", "5b"),
("153", "Gabrielle", "", "Goedkoop", "Lagedijk", "7", "3998KA", "Schalkwijk", "030-6513245", "v", "1985-07-05", "5b"),
("154", "Glenn", "", "Baarman", "Berkelstraat", "145", "3522ET", "Utrecht", "030-276854", "m", "1986-10-20", "4a"),
("155", "Esther", "van de", "Voorst", "Amaliastraat", "73", "3522AT", "Utrecht", "", "v", "1987-05-05", "4b"),
("156", "Wim", "van", "Oosten", "Akkerwindehof", "21", "3991HB", "Houten", "030-6934872", "m", "1985-01-27", "5a"),
("157", "Kees", "", "Smit", "Overeindseweg", "29", "3439LP", "Nieuwegein", "030-6036412", "m", "1987-06-06", "4a"),
("158", "Ingrid", "", "Toonder", "Klaverkamp", "91", "4133TK", "Vianen", "03473-90849", "v", "1985-03-15", "6b"),
("159", "Claudia", "", "Kremmel", "t Rond", "102", "3981XJ", "Bunnik", "", "v", "1985-07-24", "5b"),
("160", "Marco", "", "Janssen", "Jonkheer Ramweg", "14", "3998JP", "Schalkwijk", "030-6023443", "m", "1987-03-29", "4b"),
("161", "Joris", "", "Driest", "Amaliastraat", "45", "3522AT", "Utrecht", "030-6824871", "m", "1986-07-12", "5a"),
("162", "Floor", "", "Besteman", "Parkstraat", "29", "4133SR", "Vianen", "03473-14433", "v", "1984-11-27", "6a"),
("163", "Bram", "", "Polman", "Saffierlaan", "18", "3526XG", "Utrecht", "030-2547891", "m", "1986-09-23", "5b"),
("164", "Marieke", "de", "Boer", "Herikhof", "38", "3991GT", "Houten", "030-5482168", "v", "1985-07-12", "5a"),
("165", "Sahila", "", "Abdoulai", "Berkelstraat", "17", "3522ET", "Utrecht", "030-5412876", "v", "1987-02-19", "4a"),
("166", "Joost", "de", "Draaiert", "Waalstraat", "34", "3522GD", "Utrecht", "030-4784165", "m", "1986-10-21", "4b"),
("167", "Jan", "", "Elman", "Frederikastraat", "14", "3572CS", "Utrecht", "030-2611612", "m", "1985-11-14", "4a"),
("168", "Bommel", "", "Olivier", "Bommelstein", "1", "3684BZ", "Utrecht", "030-8462184", "m", "1985-06-19", "5b"),
("169", "Fatma", "", "Abdulkadir", "Kastelenplantsoen", "2", "3525EP", "Utrecht", "", "v", "1985-12-12", "5a"),
("170", "Jan", "", "Bedeski", "Vlierweg", "127", "3991BE", "Houten", "030-5489612", "m", "1985-05-08", "6a"),
("171", "Ab", "van", "Gils", "Julianaweg", "241", "3523XB", "Utrecht", "030-1468542", "m", "1984-01-13", "6b"),
("172", "Maartje", "", "Gelderman", "Walcheren", "35", "3524AD", "Utrecht", "030-3569874", "v", "1987-02-19", "4a"),
("173", "Boudewijn", "de", "Klein", "Breestraat", "7", "3981VD", "Bunnik", "030-2641398", "m", "1986-07-12", "5a"),
("174", "Peter", "", "Icke", "Houtenseweg", "84", "3984LJ", "Odijk", "030-3219875", "m", "1986-06-08", "5b"),
("175", "Inge", "van der", "Els", "Ridderlaan", "17", "3523HR", "Utrecht", "030-3654275", "v", "1987-09-22", "4a"),
("176", "Rebecca", "van", "Beem", "Furkabaan", "14", "3524ZJ", "Utrecht", "030-4569211", "v", "1987-08-01", "4b"),
("177", "Wouter", "", "Verhaar", "Smalleweg", "39", "3981EG", "Bunnik", "030-3656621", "m", "1986-08-04", "5a"),
("178", "Femke", "", "Schepers", "Krozengaarde", "117", "3992JB", "Houten", "030-4781162", "v", "1985-03-11", "5b"),
("179", "Sanne", "", "Paardekam", "Herenweg", "115", "3991DS", "Houten", "030-6325841", "v", "1984-10-26", "5a"),
("180", "Madelijne", "van den", "Heuvel", "Graaf Boudewijnlaan", "97", "3464DV", "Nieuwegein", "030-6539856", "v", "1986-12-11", "4a"),
("181", "Ellen", "", "de Wilde", "Turkooislaan", "2", "3523GK", "Utrecht", "030-6258944", "v", "1985-01-31", "6a"),
("182", "Johanneke", "", "Meessen", "Ondiep", "7", "3551EB", "Utrecht", "030-6215433", "v", "1985-04-30", "6b"),
("183", "Mandy", "", "Bielderman", "Rijnlaan", "24", "3522BT", "Utrecht", "030-6539862", "v", "1985-05-02", "5a"),
("185", "Otto", "van", "Vleuten", "Gruttoweide", "62", "3996DL", "Houten", "030-6855936", "m", "1987-08-03", "4b"),
("186", "Tom", "", "Keijzer", "Spoorweg", "19", "3523ZR", "Utrecht", "030-6855231", "m", "1986-09-30", "4a"),
("187", "Chris", "", "Brinkman", "Ganzeweg", "52", "3996EZ", "Houten", "", "m", "1987-04-15", "4b"),
("188", "Andre", "van", "Boekel", "Amsterdamsestraatweg", "162", "3516AD", "Utrecht", "030-6232564", "m", "1985-06-10", "6a"),
("189", "Sander", "", "Groen", "Afrikalaan", "37", "3526VK", "Utrecht", "030-2369551", "m", "1984-11-21", "6b"),
("190", "Mark", "", "Jansen", "Langeweg", "62", "4136AV", "Vianen", "030-8954142", "m", "1985-12-10", "5a"),
("191", "Thijs", "", "Scholten", "Simplonbaan", "15", "3524CD", "Utrecht", "030-6243125", "m", "1986-05-31", "5b"),
("192", "Jeroen", "de", "Vries", "Livingstonelaan", "514", "3526JV", "Utrecht", "030-6532652", "m", "1985-07-11", "5a"),
("193", "Piet", "", "Freerichs", "Simplonbaan", "79", "3524CD", "Utrecht", "030-6527841", "m", "1986-12-18", "4b"),
("194", "Yasmin", "", "Premjy", "Adriaan van Ostadelaan", "32", "3523KB", "Utrecht", "030-5418655", "v", "1984-12-30", "5b"),
("196", "Frits", "", "Bakker", "Herenweg", "8", "3991DS", "Houten", "030-6946721", "m", "1984-08-07", "6b");
INSERT INTO reserveringen VALUES ("3", "132", "2000-12-12", "2000-12-20", "J", "opgehaald"),
("5", "71", "2001-02-20", "2001-03-08", "J", "opgehaald"),
("5", "103", "2001-02-21", "2001-03-19", "N", "vervallen"),
("6", "103", "2000-12-04", "2000-12-15", "J", "opgehaald"),
("10", "64", "2000-10-18", "2000-10-30", "J", "opgehaald"),
("10", "128", "2002-02-04", "2002-02-08", "J", "vervallen"),
("11", "99", "2002-02-25", "", "N", "open"),
("11", "111", "2000-12-04", "2000-12-12", "J", "opgehaald"),
("11", "132", "2002-02-26", "", "N", "open"),
("12", "58", "2002-02-08", "2002-02-25", "J", "beschikbaar"),
("13", "97", "2002-02-19", "2002-02-28", "N", "beschikbaar"),
("15", "155", "2000-11-27", "2000-12-04", "J", "opgehaald"),
("16", "86", "2000-09-20", "2000-09-27", "J", "opgehaald"),
("17", "72", "2002-02-08", "2002-02-25", "N", "beschikbaar"),
("18", "183", "2001-03-26", "2001-04-04", "J", "opgehaald"),
("21", "63", "2002-02-20", "", "J", "open"),
("21", "83", "2002-02-19", "2002-02-26", "J", "beschikbaar"),
("21", "172", "2002-02-21", "", "N", "open"),
("22", "143", "2002-02-18", "2002-02-25", "N", "beschikbaar"),
("23", "120", "2001-12-04", "2001-12-17", "J", "opgehaald"),
("24", "137", "2002-02-08", "2002-02-19", "J", "opgehaald"),
("25", "143", "2002-02-28", "", "J", "open"),
("26", "72", "2001-10-04", "2001-10-09", "J", "opgehaald"),
("26", "86", "2000-11-17", "2000-11-27", "J", "opgehaald"),
("27", "86", "2001-03-26", "2001-04-02", "J", "opgehaald"),
("30", "80", "2002-02-06", "2002-02-21", "N", "beschikbaar"),
("30", "171", "2001-11-23", "2001-11-30", "J", "opgehaald"),
("33", "57", "2002-02-27", "", "N", "open"),
("33", "61", "2001-09-17", "2001-09-24", "J", "opgehaald"),
("33", "109", "2002-02-25", "", "J", "open"),
("33", "187", "2002-02-28", "", "N", "open"),
("34", "77", "2002-02-28", "", "J", "open"),
("34", "162", "2002-02-27", "", "J", "open"),
("34", "175", "2002-02-25", "2002-02-28", "J", "beschikbaar"),
("35", "54", "2002-02-25", "", "N", "open"),
("36", "163", "2001-12-20", "2002-01-10", "J", "opgehaald"),
("39", "130", "2001-05-07", "2001-05-14", "J", "opgehaald"),
("52", "59", "2001-01-24", "2001-01-29", "J", "opgehaald"),
("52", "122", "2001-03-28", "2001-04-06", "J", "opgehaald"),
("64", "105", "2001-11-05", "2001-11-19", "J", "opgehaald"),
("64", "129", "2002-01-22", "2002-01-28", "J", "opgehaald"),
("71", "122", "2002-02-27", "", "J", "open"),
("72", "110", "2001-03-05", "2001-03-16", "J", "opgehaald"),
("73", "56", "2001-01-26", "2001-02-08", "J", "opgehaald"),
("73", "130", "2002-02-27", "", "N", "open"),
("73", "137", "2002-02-25", "", "J", "open"),
("76", "101", "2002-02-14", "", "J", "open"),
("77", "66", "2002-02-08", "2002-02-21", "J", "opgehaald"),
("77", "88", "2002-02-26", "", "J", "open"),
("77", "98", "2002-02-18", "", "J", "open"),
("77", "105", "2001-12-20", "2002-01-07", "J", "vervallen"),
("77", "109", "2002-01-21", "2002-01-28", "J", "opgehaald"),
("77", "127", "2002-02-04", "2002-02-19", "J", "opgehaald"),
("77", "172", "2002-01-08", "2002-01-14", "J", "opgehaald"),
("77", "180", "2002-02-12", "", "N", "open"),
("81", "96", "2002-02-22", "", "N", "open"),
("81", "102", "2002-02-13", "", "N", "open"),
("81", "176", "2001-11-11", "2001-11-28", "J", "opgehaald"),
("87", "89", "2000-11-27", "2000-12-08", "J", "opgehaald"),
("91", "190", "2001-03-23", "2001-04-20", "N", "vervallen"),
("94", "64", "2001-03-07", "2001-03-14", "J", "opgehaald"),
("94", "192", "2002-02-27", "", "J", "open"),
("98", "173", "2002-01-18", "2002-01-25", "J", "opgehaald"),
("100", "99", "2002-02-22", "", "N", "open"),
("100", "176", "2002-02-26", "", "J", "open"),
("101", "181", "2002-02-26", "", "N", "open"),
("104", "107", "2002-02-13", "2002-02-25", "N", "beschikbaar"),
("104", "139", "2002-02-05", "2002-02-18", "J", "opgehaald"),
("104", "163", "2000-12-06", "2000-12-17", "J", "opgehaald"),
("104", "178", "2002-02-22", "", "J", "open"),
("107", "171", "2002-02-06", "2002-02-25", "N", "beschikbaar"),
("107", "183", "2002-02-21", "", "J", "open"),
("108", "111", "2002-02-22", "", "J", "open"),
("110", "163", "2001-09-20", "2001-09-26", "J", "opgehaald"),
("116", "93", "2001-11-07", "2001-11-16", "J", "opgehaald"),
("116", "100", "2000-11-27", "2000-12-11", "J", "opgehaald"),
("127", "68", "2002-02-21", "", "J", "open"),
("127", "85", "2002-02-25", "", "J", "open"),
("127", "132", "2001-09-28", "2001-10-11", "J", "opgehaald"),
("131", "134", "2002-02-27", "", "J", "open"),
("131", "182", "2000-09-20", "2000-10-05", "J", "opgehaald"),
("132", "83", "2001-03-12", "2001-04-03", "J", "opgehaald"),
("132", "135", "2002-02-06", "2002-02-27", "J", "beschikbaar"),
("143", "56", "2001-10-21", "2001-11-19", "J", "opgehaald"),
("146", "165", "2002-02-20", "", "N", "open"),
("147", "61", "2002-02-08", "", "N", "open"),
("163", "87", "2002-02-25", "", "J", "open"),
("163", "167", "2002-02-21", "", "N", "open"),
("163", "194", "2002-02-27", "", "N", "open"),
("185", "109", "2001-12-03", "2001-12-10", "J", "opgehaald"),
("185", "184", "2002-02-06", "2002-02-25", "N", "beschikbaar"),
("185", "191", "2002-02-20", "", "J", "open"),
("210", "55", "2002-01-30", "2002-02-18", "J", "opgehaald"),
("210", "128", "2002-02-19", "", "N", "open"),
("222", "92", "2002-01-28", "", "N", "open"),
("227", "95", "2000-12-06", "2001-01-22", "J", "vervallen"),
("227", "120", "2001-09-27", "2001-10-04", "J", "opgehaald"),
("227", "121", "2000-11-24", "2000-12-04", "J", "opgehaald"),
("227", "163", "2000-11-27", "2000-12-06", "J", "opgehaald"),
("241", "71", "2002-02-27", "", "N", "open"),
("243", "64", "2002-02-04", "2002-02-19", "J", "opgehaald"),
("243", "157", "2000-11-21", "2000-12-18", "J", "opgehaald"),
("243", "163", "2001-11-26", "2001-12-10", "J", "opgehaald"),
("243", "166", "2000-11-14", "2000-11-28", "J", "opgehaald"),
("243", "179", "2002-02-25", "", "N", "open"),
("261", "51", "2002-01-31", "2002-02-07", "J", "opgehaald"),
("261", "52", "2002-02-07", "", "J", "open"),
("261", "121", "2002-02-19", "", "J", "open"),
("261", "160", "2002-01-28", "2002-01-31", "N", "vervallen"),
("262", "99", "2002-01-31", "2002-02-18", "J", "opgehaald"),
("262", "104", "2002-02-21", "", "N", "open"),
("262", "129", "2002-01-29", "2002-02-04", "J", "opgehaald"),
("262", "159", "2001-04-10", "2001-04-19", "J", "opgehaald"),
("262", "161", "2002-02-08", "2002-02-26", "J", "beschikbaar"),
("263", "73", "2002-02-26", "", "J", "open"),
("264", "120", "2002-02-07", "2002-02-21", "J", "beschikbaar");
INSERT INTO uitleningen VALUES ("1", "1", "53", "2000-11-27", "2000-12-20", "0.40"),
("1", "1", "70", "2000-09-13", "2000-10-06", "0.40"),
("1", "1", "73", "2000-10-18", "2000-11-13", "0.60"),
("1", "1", "84", "2001-03-29", "2001-04-13", "0.00"),
("1", "1", "107", "2001-10-19", "2001-11-15", "0.80"),
("1", "1", "108", "2001-12-10", "2002-01-24", "3.60"),
("1", "1", "163", "2001-01-31", "2001-02-15", "0.00"),
("1", "1", "163", "2001-05-15", "2001-06-15", "1.60"),
("1", "1", "193", "2002-02-04", "", "0.00"),
("2", "1", "59", "2001-11-09", "2001-12-12", "1.60"),
("2", "1", "71", "2000-12-18", "2001-01-10", "0.40"),
("2", "1", "79", "2001-03-05", "2001-03-19", "0.00"),
("2", "1", "134", "2001-01-23", "2001-02-12", "0.00"),
("2", "1", "162", "2001-10-04", "2001-10-29", "0.40"),
("2", "1", "176", "2002-02-19", "", "0.00"),
("2", "1", "188", "2000-11-03", "2000-11-13", "0.00"),
("3", "1", "59", "2001-01-31", "2001-02-22", "0.20"),
("3", "1", "61", "2001-09-05", "2001-10-08", "1.60"),
("3", "1", "86", "2001-10-19", "2001-11-12", "0.20"),
("3", "1", "90", "2001-11-28", "2001-12-10", "0.00"),
("3", "1", "93", "2002-01-14", "2002-01-29", "0.00"),
("3", "1", "118", "2001-05-07", "2001-05-31", "0.60"),
("3", "1", "129", "2000-12-04", "2001-01-10", "2.40"),
("3", "1", "145", "2001-03-19", "2001-04-09", "0.00"),
("3", "1", "166", "2000-09-25", "2000-10-17", "0.20"),
("3", "1", "166", "2000-11-06", "2000-11-20", "0.00"),
("3", "2", "76", "2001-03-07", "2001-03-12", "0.00"),
("3", "2", "115", "2000-12-07", "2001-01-15", "2.40"),
("3", "2", "122", "2001-01-26", "2001-02-19", "0.20"),
("3", "2", "140", "2001-03-30", "2001-06-04", "4.00"),
("3", "2", "152", "2000-11-09", "2000-11-27", "0.00"),
("3", "2", "164", "2002-01-14", "2002-01-21", "0.00"),
("3", "2", "185", "2001-11-19", "2001-12-11", "0.20"),
("3", "3", "86", "2001-06-12", "2001-07-03", "0.00"),
("3", "3", "110", "2001-12-03", "2001-12-17", "0.00"),
("3", "3", "113", "2002-01-28", "2002-02-25", "1.00"),
("3", "3", "132", "2000-12-22", "2001-01-09", "0.00"),
("3", "3", "152", "2000-11-27", "2000-12-20", "0.40"),
("3", "3", "163", "2001-02-08", "2001-02-19", "0.00"),
("3", "3", "163", "2001-10-04", "2001-11-27", "4.00"),
("3", "3", "167", "2001-03-19", "2001-04-06", "0.00"),
("3", "3", "185", "2000-09-13", "2000-10-09", "0.60"),
("4", "1", "73", "2001-04-16", "2001-04-25", "0.00"),
("4", "1", "86", "2001-12-04", "2001-12-18", "0.00"),
("4", "1", "112", "2002-02-07", "2002-02-28", "0.00"),
("4", "1", "139", "2001-01-31", "2001-03-12", "2.60"),
("4", "1", "149", "2001-10-11", "2001-11-05", "0.40"),
("4", "1", "162", "2001-06-08", "2001-06-26", "0.00"),
("4", "1", "184", "2000-10-31", "2000-11-30", "1.40"),
("5", "1", "71", "2001-03-12", "2001-03-30", "0.00"),
("5", "1", "86", "2000-12-15", "2001-01-08", "0.20"),
("5", "1", "103", "2001-01-18", "2001-02-06", "0.00"),
("5", "1", "107", "2000-10-16", "2000-11-27", "3.00"),
("5", "1", "107", "2001-10-01", "2001-11-06", "2.20"),
("5", "1", "109", "2001-04-26", "2001-05-17", "0.00"),
("5", "1", "124", "2000-09-19", "2000-09-26", "0.00"),
("5", "1", "140", "2002-01-28", "2002-02-19", "0.20"),
("5", "1", "144", "2002-01-15", "2002-01-21", "0.00"),
("5", "1", "163", "2001-11-20", "2001-12-12", "0.20"),
("5", "1", "168", "2001-02-12", "2001-03-08", "0.60"),
("5", "2", "70", "2001-11-07", "2001-11-21", "0.00"),
("5", "2", "100", "2001-05-29", "2001-06-18", "0.00"),
("5", "2", "108", "2000-09-04", "2000-09-18", "0.00"),
("5", "2", "111", "2001-02-12", "2001-03-26", "3.00"),
("5", "2", "115", "2001-09-26", "2001-10-15", "0.00"),
("5", "2", "123", "2001-12-03", "2002-01-11", "2.80"),
("5", "2", "135", "2001-01-08", "2001-02-01", "0.60"),
("5", "2", "160", "2000-10-12", "2000-11-02", "0.00"),
("5", "2", "163", "2001-04-16", "2001-05-08", "0.20"),
("5", "2", "179", "2002-01-31", "2002-02-25", "0.40"),
("5", "2", "194", "2000-11-29", "2000-12-11", "0.00"),
("5", "3", "86", "2001-01-29", "2001-02-13", "0.00"),
("5", "3", "103", "2000-11-20", "2000-12-21", "1.60"),
("5", "3", "119", "2000-09-18", "2000-11-06", "4.00"),
("5", "3", "132", "2001-10-15", "2001-11-06", "0.20"),
("5", "3", "138", "2001-02-19", "2001-03-19", "1.00"),
("5", "3", "157", "2001-04-23", "2001-06-01", "2.80"),
("5", "3", "163", "2001-12-13", "2002-01-28", "3.40"),
("6", "1", "62", "2001-10-19", "2001-11-19", "1.20"),
("6", "1", "86", "2001-04-04", "2001-04-26", "0.20"),
("6", "1", "94", "2001-03-05", "2001-03-20", "0.00"),
("6", "1", "132", "2001-06-07", "2001-06-19", "0.00"),
("6", "1", "165", "2000-11-30", "2001-01-12", "3.20"),
("6", "1", "170", "2001-12-03", "2001-12-17", "0.00"),
("6", "1", "182", "2000-10-09", "2000-11-08", "1.40"),
("6", "1", "194", "2002-02-07", "", "0.00"),
("6", "2", "63", "2001-11-27", "2002-01-07", "2.80"),
("6", "2", "86", "2002-01-14", "2002-02-22", "2.80"),
("6", "2", "103", "2000-12-19", "2001-01-15", "0.80"),
("6", "2", "138", "2001-11-06", "2001-11-13", "0.00"),
("6", "2", "160", "2001-09-12", "2001-10-08", "0.60"),
("6", "2", "161", "2000-11-29", "2000-12-15", "0.00"),
("6", "2", "163", "2001-04-12", "2001-05-14", "1.40"),
("6", "2", "182", "2000-09-25", "2000-10-12", "0.00"),
("7", "1", "56", "2001-04-16", "2001-05-07", "0.00"),
("7", "1", "128", "2001-12-13", "2002-01-07", "0.40"),
("8", "1", "73", "2001-05-14", "2001-06-04", "0.00"),
("8", "1", "112", "2001-11-19", "2002-01-07", "4.00"),
("8", "1", "137", "2002-01-23", "2002-02-08", "0.00"),
("8", "1", "163", "2000-11-01", "2000-11-22", "0.00"),
("8", "1", "188", "2001-02-01", "2001-02-19", "0.00"),
("9", "1", "95", "2000-10-09", "2000-10-30", "0.00"),
("9", "1", "99", "2001-04-16", "2001-05-28", "3.00"),
("9", "1", "132", "2001-01-29", "2001-02-13", "0.00"),
("9", "1", "141", "2001-11-07", "2002-01-17", "4.00"),
("9", "1", "194", "2002-02-04", "2002-02-25", "0.00"),
("9", "2", "80", "2002-01-22", "2002-02-18", "0.80"),
("9", "2", "89", "2001-04-19", "2001-05-14", "0.40"),
("9", "2", "121", "2000-11-21", "2000-12-11", "0.00"),
("9", "2", "124", "2001-03-05", "2001-04-10", "2.20"),
("9", "2", "161", "2001-09-24", "2001-10-08", "0.00"),
("10", "1", "64", "2000-11-01", "2000-11-28", "0.80"),
("10", "1", "67", "2001-01-15", "2001-01-22", "0.00"),
("10", "1", "94", "2001-03-27", "2001-04-26", "1.40"),
("10", "1", "134", "2002-01-31", "2002-02-25", "0.40"),
("10", "1", "157", "2001-10-05", "2001-10-18", "0.00"),
("10", "1", "163", "2001-11-05", "2001-11-26", "0.00"),
("10", "1", "174", "2000-10-09", "2000-10-30", "0.00"),
("10", "2", "69", "2002-01-28", "2002-02-08", "0.00"),
("10", "2", "84", "2001-04-18", "2001-05-17", "1.20"),
("10", "2", "86", "2001-10-01", "2001-11-05", "2.00"),
("10", "2", "132", "2001-01-11", "2001-01-30", "0.00"),
("10", "2", "157", "2001-02-16", "2001-03-14", "0.60"),
("10", "2", "163", "2000-10-09", "2000-11-10", "1.80"),
("11", "1", "51", "2001-04-16", "2001-05-28", "3.00"),
("11", "1", "85", "2002-02-21", "", "0.00"),
("11", "1", "86", "2001-02-06", "2001-02-19", "0.00"),
("11", "1", "86", "2001-03-07", "2001-03-26", "0.00"),
("11", "1", "94", "2001-10-08", "2001-11-12", "2.00"),
("11", "1", "111", "2001-09-06", "2001-09-24", "0.00"),
("11", "1", "123", "2001-12-05", "2002-01-24", "4.00"),
("11", "1", "149", "2000-11-10", "2000-12-18", "2.20"),
("11", "1", "178", "2000-12-20", "2001-01-23", "1.80"),
("11", "1", "183", "2000-09-22", "2000-10-17", "0.40"),
("11", "2", "53", "2001-01-26", "2001-02-14", "0.00"),
("11", "2", "55", "2002-02-22", "", "0.00"),
("11", "2", "79", "2001-04-19", "2001-06-04", "3.40"),
("11", "2", "86", "2000-11-22", "2000-12-05", "0.00"),
("11", "2", "86", "2001-04-02", "2001-04-17", "0.00"),
("11", "2", "111", "2000-12-15", "2001-01-18", "1.80"),
("11", "2", "130", "2001-03-05", "2001-03-26", "0.00"),
("11", "2", "138", "2001-11-01", "2001-11-19", "0.00"),
("11", "2", "151", "2000-09-15", "2000-10-10", "0.40"),
("11", "2", "155", "2001-09-17", "2001-10-08", "0.00"),
("11", "2", "163", "2001-11-26", "2001-12-17", "0.00"),
("11", "2", "177", "2002-01-18", "2002-02-06", "0.00"),
("12", "1", "55", "2001-05-31", "2001-06-19", "0.00"),
("12", "1", "70", "2002-02-04", "2002-02-25", "0.00"),
("12", "1", "71", "2000-09-28", "2000-10-17", "0.00"),
("12", "1", "86", "2001-01-15", "2001-03-06", "4.00"),
("12", "1", "99", "2001-04-17", "2001-05-08", "0.00"),
("12", "1", "112", "2001-09-26", "2001-11-02", "2.40"),
("12", "1", "124", "2001-12-21", "2002-01-14", "0.20"),
("12", "1", "162", "2001-03-26", "2001-03-28", "0.00"),
("12", "1", "185", "2000-11-15", "2000-12-18", "1.60"),
("13", "1", "103", "2001-09-25", "2001-10-02", "0.00"),
("13", "1", "112", "2000-12-14", "2001-01-08", "0.40"),
("13", "1", "118", "2001-02-05", "2001-02-15", "0.00"),
("13", "1", "123", "2000-10-12", "2000-11-10", "1.20"),
("13", "1", "132", "2001-05-07", "2001-05-28", "0.00"),
("13", "1", "154", "2000-10-02", "2000-10-09", "0.00"),
("13", "1", "165", "2001-10-29", "2001-11-12", "0.00"),
("13", "1", "185", "2002-02-04", "2002-02-28", "0.60"),
("13", "1", "190", "2001-03-12", "2001-03-26", "0.00"),
("13", "2", "51", "2001-09-28", "2001-10-17", "0.00"),
("13", "2", "70", "2000-10-10", "2000-11-03", "0.60"),
("13", "2", "84", "2001-06-01", "2001-06-18", "0.00"),
("13", "2", "86", "2001-01-26", "2001-02-08", "0.00"),
("13", "2", "94", "2002-02-04", "", "0.00"),
("13", "2", "100", "2001-11-13", "2001-12-10", "0.80"),
("13", "2", "119", "2001-04-03", "2001-05-07", "1.80"),
("13", "2", "181", "2000-12-06", "2000-12-19", "0.00"),
("14", "1", "51", "2001-09-03", "2001-09-17", "0.00"),
("14", "1", "94", "2000-11-24", "2000-12-04", "0.00"),
("14", "1", "122", "2001-01-15", "2001-01-25", "0.00"),
("14", "1", "152", "2001-10-03", "2001-11-02", "1.40"),
("15", "1", "62", "2002-01-16", "2002-01-29", "0.00"),
("15", "1", "63", "2001-03-16", "2001-05-07", "4.00"),
("15", "1", "90", "2002-02-05", "2002-02-28", "0.40"),
("15", "1", "108", "2000-09-07", "2000-09-29", "0.20"),
("15", "1", "118", "2001-11-12", "2001-12-05", "0.40"),
("15", "1", "128", "2000-11-22", "2000-12-04", "0.00"),
("15", "1", "138", "2001-01-17", "2001-02-23", "2.40"),
("15", "1", "155", "2000-12-07", "2001-01-15", "2.40"),
("15", "1", "163", "2001-05-29", "2001-06-19", "0.00"),
("15", "2", "54", "2000-11-22", "2001-01-22", "4.00"),
("15", "2", "86", "2000-09-18", "2000-10-16", "1.00"),
("15", "2", "95", "2001-11-19", "2002-01-07", "4.00"),
("15", "2", "96", "2001-10-02", "2001-10-29", "0.80"),
("15", "2", "108", "2001-03-14", "2001-03-22", "0.00"),
("15", "2", "146", "2001-06-04", "2001-06-25", "0.00"),
("15", "2", "163", "2001-04-12", "2001-05-30", "3.80"),
("16", "1", "59", "2000-12-05", "2001-01-12", "2.60"),
("16", "1", "70", "2000-09-06", "2000-09-27", "0.00"),
("16", "1", "85", "2001-11-14", "2001-12-17", "1.60"),
("16", "1", "86", "2000-10-02", "2000-10-09", "0.00"),
("16", "1", "88", "2001-06-14", "2001-06-22", "0.00"),
("16", "1", "100", "2000-11-03", "2000-11-23", "0.00"),
("16", "1", "167", "2001-05-08", "2001-06-01", "0.60"),
("16", "1", "169", "2001-02-12", "2001-03-23", "2.80"),
("16", "1", "188", "2002-01-21", "2002-02-19", "1.20"),
("16", "1", "192", "2001-10-01", "2001-10-29", "1.00"),
("17", "1", "86", "2001-11-19", "2002-01-15", "4.00"),
("17", "1", "108", "2001-09-12", "2001-10-15", "1.60"),
("17", "1", "126", "2001-03-06", "2001-03-16", "0.00"),
("17", "1", "154", "2000-12-13", "2001-01-31", "4.00"),
("17", "1", "169", "2000-10-16", "2000-11-22", "2.40"),
("17", "1", "182", "2002-01-24", "2002-02-25", "1.40"),
("17", "1", "185", "2001-04-23", "2001-05-28", "2.00"),
("18", "1", "59", "2001-12-07", "2002-01-14", "2.20"),
("18", "1", "86", "2000-10-11", "2000-10-30", "0.00"),
("18", "1", "86", "2000-11-23", "2000-12-11", "0.00"),
("18", "1", "103", "2001-06-01", "2001-06-22", "0.00"),
("18", "1", "124", "2001-10-02", "2001-11-08", "2.40"),
("18", "1", "163", "2002-01-21", "2002-02-04", "0.00"),
("18", "1", "168", "2000-09-11", "2000-09-29", "0.00"),
("18", "1", "169", "2001-03-20", "2001-04-04", "0.00"),
("18", "1", "173", "2002-02-06", "", "0.00"),
("18", "1", "183", "2001-04-09", "2001-04-23", "0.00"),
("18", "1", "185", "2000-12-18", "2001-02-19", "4.00"),
("18", "2", "52", "2001-12-18", "2002-01-14", "0.80"),
("18", "2", "129", "2001-10-08", "2001-11-12", "2.00"),
("18", "2", "133", "2002-02-19", "", "0.00"),
("18", "2", "138", "2000-09-13", "2000-10-04", "0.00"),
("18", "2", "138", "2001-01-29", "2001-02-14", "0.00"),
("18", "2", "152", "2000-11-21", "2000-11-30", "0.00"),
("18", "2", "164", "2001-06-07", "2001-06-28", "0.00"),
("18", "2", "169", "2001-05-07", "2001-06-04", "1.00"),
("18", "2", "171", "2001-03-22", "2001-04-06", "0.00"),
("18", "2", "176", "2000-12-22", "2001-01-17", "0.60"),
("18", "3", "86", "2001-06-04", "2001-06-20", "0.00"),
("18", "3", "88", "2001-03-26", "2001-04-11", "0.00"),
("18", "3", "93", "2001-01-16", "2001-02-12", "0.80"),
("18", "3", "101", "2002-01-25", "2002-02-19", "0.40"),
("18", "3", "119", "2001-10-08", "2001-11-12", "2.00"),
("18", "3", "120", "2000-11-06", "2000-12-05", "1.20"),
("18", "3", "135", "2001-11-28", "2001-12-17", "0.00"),
("19", "1", "60", "2000-10-10", "2000-11-03", "0.60"),
("19", "1", "84", "2001-11-26", "2001-12-10", "0.00"),
("19", "1", "107", "2000-11-27", "2000-12-22", "0.80"),
("19", "1", "121", "2001-03-15", "2001-04-02", "0.00"),
("19", "1", "144", "2001-05-14", "2001-06-04", "0.00"),
("19", "1", "144", "2002-02-26", "", "0.00"),
("20", "1", "56", "2001-03-26", "2001-04-26", "1.60"),
("20", "1", "130", "2001-02-07", "2001-02-20", "0.00"),
("20", "1", "156", "2001-10-15", "2001-11-08", "0.60"),
("20", "1", "167", "2000-09-29", "2000-10-09", "0.00"),
("21", "1", "53", "2001-02-02", "2001-03-05", "1.20"),
("21", "1", "68", "2001-11-21", "2001-12-17", "0.60"),
("21", "1", "72", "2001-01-10", "2001-01-19", "0.00"),
("21", "1", "96", "2000-09-06", "2000-09-25", "0.00"),
("21", "1", "100", "2001-04-02", "2001-04-12", "0.00"),
("21", "1", "103", "2002-02-18", "", "0.00"),
("21", "1", "118", "2001-09-10", "2001-09-17", "0.00"),
("21", "1", "130", "2001-05-10", "2001-06-04", "0.40"),
("21", "1", "139", "2000-10-13", "2000-11-03", "0.00"),
("21", "1", "163", "2000-11-23", "2000-12-19", "0.60"),
("21", "1", "165", "2001-10-01", "2001-11-06", "2.20"),
("21", "1", "168", "2002-01-11", "2002-01-28", "0.00"),
("21", "2", "62", "2002-02-04", "2002-02-26", "0.20"),
("21", "2", "86", "2001-05-28", "2001-06-18", "0.00"),
("21", "2", "87", "2000-11-06", "2000-11-20", "0.00"),
("21", "2", "93", "2001-04-06", "2001-04-16", "0.00"),
("21", "2", "108", "2001-03-07", "2001-03-19", "0.00"),
("21", "2", "109", "2001-11-08", "2001-12-05", "0.80"),
("21", "2", "110", "2001-01-22", "2001-02-16", "0.80"),
("21", "2", "136", "2000-10-09", "2000-10-19", "0.00"),
("21", "2", "140", "2001-10-01", "2001-10-09", "0.00"),
("21", "2", "154", "2001-12-18", "2002-01-28", "2.80"),
("21", "2", "169", "2000-12-05", "2001-01-08", "1.80"),
("22", "1", "64", "2002-02-04", "2002-02-25", "0.00"),
("22", "1", "86", "2001-05-18", "2001-06-12", "0.40"),
("22", "1", "104", "2001-09-24", "2001-11-02", "2.80"),
("22", "1", "130", "2000-11-09", "2000-12-11", "1.40"),
("22", "1", "137", "2001-01-29", "2001-02-12", "0.00"),
("22", "1", "141", "2001-03-12", "2001-03-30", "0.00"),
("22", "1", "166", "2001-12-05", "2002-01-21", "3.60"),
("22", "1", "168", "2000-09-22", "2000-11-06", "3.20"),
("22", "2", "59", "2001-02-19", "2001-03-12", "0.00"),
("22", "2", "87", "2000-09-22", "2000-10-19", "0.80"),
("22", "2", "108", "2000-12-11", "2001-01-15", "2.00"),
("22", "2", "140", "2002-01-28", "", "0.00"),
("22", "2", "160", "2001-11-22", "2001-12-17", "0.40"),
("22", "2", "164", "2001-09-21", "2001-10-29", "2.20"),
("22", "2", "165", "2001-05-14", "2001-06-06", "0.40"),
("23", "1", "53", "2001-11-26", "2001-12-17", "0.00"),
("23", "1", "86", "2001-04-24", "2001-06-11", "3.80"),
("23", "1", "115", "2000-10-09", "2000-11-02", "0.60"),
("23", "1", "118", "2000-11-13", "2000-11-27", "0.00"),
("23", "1", "145", "2000-12-08", "2001-01-08", "1.20"),
("23", "1", "162", "2001-02-19", "2001-03-26", "2.00"),
("23", "1", "169", "2001-09-05", "2001-10-08", "1.60"),
("23", "1", "187", "2002-01-15", "2002-02-01", "0.00"),
("23", "2", "54", "2002-01-25", "", "0.00"),
("23", "2", "67", "2000-09-07", "2000-09-21", "0.00"),
("23", "2", "68", "2000-10-18", "2000-11-20", "1.60"),
("23", "2", "89", "2001-03-16", "2001-04-02", "0.00"),
("23", "2", "92", "2001-04-24", "2001-06-04", "2.80"),
("23", "2", "94", "2001-09-24", "2001-10-11", "0.00"),
("23", "2", "119", "2001-02-05", "2001-02-19", "0.00"),
("23", "2", "120", "2001-12-18", "2002-01-14", "0.80"),
("23", "2", "163", "2000-11-30", "2001-01-19", "4.00"),
("23", "2", "188", "2000-10-02", "2000-10-10", "0.00"),
("23", "2", "191", "2001-11-26", "2001-12-03", "0.00"),
("24", "1", "99", "2001-03-08", "2001-04-16", "2.40"),
("24", "1", "100", "2001-10-03", "2001-10-12", "0.00"),
("24", "1", "109", "2001-11-05", "2001-12-10", "2.00"),
("24", "1", "112", "2000-10-04", "2000-10-13", "0.00"),
("24", "1", "137", "2002-02-19", "", "0.00"),
("24", "1", "140", "2000-10-19", "2000-11-06", "0.00"),
("24", "1", "150", "2001-01-29", "2001-02-09", "0.00"),
("24", "1", "155", "2001-05-14", "2001-06-04", "0.00"),
("24", "1", "169", "2000-11-15", "2000-12-01", "0.00"),
("24", "1", "190", "2000-12-11", "2001-01-16", "2.20"),
("24", "1", "196", "2002-02-06", "2002-02-19", "0.00"),
("24", "2", "62", "2000-12-06", "2001-01-15", "2.60"),
("24", "2", "86", "2000-09-11", "2000-10-02", "0.00"),
("24", "2", "88", "2001-03-12", "2001-03-26", "0.00"),
("24", "2", "91", "2001-02-07", "2001-02-15", "0.00"),
("24", "2", "95", "2001-05-07", "2001-06-11", "2.00"),
("24", "2", "96", "2002-01-25", "2002-02-22", "1.00"),
("24", "2", "123", "2001-12-03", "2002-01-15", "3.20"),
("24", "2", "126", "2000-10-16", "2000-11-24", "2.80"),
("24", "2", "187", "2001-09-19", "2001-10-17", "1.00"),
("25", "1", "56", "2000-09-25", "2000-10-11", "0.00"),
("25", "1", "62", "2001-11-14", "2002-01-07", "4.00"),
("25", "1", "73", "2001-09-25", "2001-10-10", "0.00"),
("25", "1", "86", "2001-04-13", "2001-05-10", "0.80"),
("25", "1", "91", "2002-01-16", "2002-02-01", "0.00"),
("25", "1", "101", "2000-12-04", "2001-01-22", "4.00"),
("25", "1", "152", "2001-02-05", "2001-03-21", "3.40"),
("25", "1", "175", "2002-02-28", "", "0.00"),
("25", "2", "72", "2001-12-21", "2002-01-09", "0.00"),
("25", "2", "79", "2000-09-26", "2000-10-18", "0.20"),
("25", "2", "85", "2001-02-01", "2001-03-07", "1.80"),
("25", "2", "104", "2001-05-08", "2001-06-04", "0.80"),
("25", "2", "112", "2001-03-23", "2001-04-04", "0.00"),
("25", "2", "134", "2002-02-19", "", "0.00"),
("25", "2", "140", "2001-06-12", "2001-07-03", "0.00"),
("25", "2", "149", "2000-11-13", "2000-11-27", "0.00"),
("25", "2", "156", "2000-12-13", "2001-01-18", "2.20"),
("25", "2", "159", "2001-11-06", "2001-12-06", "1.40"),
("25", "2", "190", "2001-10-08", "2001-10-17", "0.00"),
("26", "1", "51", "2000-11-15", "2000-11-27", "0.00"),
("26", "1", "63", "2002-01-25", "2002-02-07", "0.00"),
("26", "1", "118", "2001-01-12", "2001-01-30", "0.00"),
("26", "1", "138", "2000-09-18", "2000-10-11", "0.40"),
("26", "1", "141", "2001-03-12", "2001-03-26", "0.00"),
("26", "1", "156", "2001-06-04", "2001-06-25", "0.00"),
("26", "1", "167", "2001-04-06", "2001-04-20", "0.00"),
("26", "1", "169", "2001-11-27", "2001-12-12", "0.00"),
("26", "1", "172", "2001-09-28", "2001-10-09", "0.00"),
("26", "2", "56", "2001-09-03", "2001-09-11", "0.00"),
("26", "2", "57", "2001-12-17", "2002-01-14", "1.00"),
("26", "2", "70", "2001-06-01", "2001-06-14", "0.00"),
("26", "2", "72", "2001-10-15", "2001-11-19", "2.00"),
("26", "2", "86", "2000-12-04", "2001-01-19", "3.80"),
("26", "2", "102", "2002-01-21", "2002-02-06", "0.00"),
("26", "2", "108", "2000-11-08", "2000-11-27", "0.00"),
("26", "2", "112", "2001-03-13", "2001-03-23", "0.00"),
("26", "2", "119", "2001-02-06", "2001-02-19", "0.00"),
("26", "2", "130", "2002-02-20", "", "0.00"),
("26", "2", "134", "2001-04-02", "2001-04-19", "0.00"),
("26", "2", "136", "2000-09-04", "2000-09-25", "0.00"),
("26", "2", "163", "2001-12-03", "2001-12-14", "0.00"),
("26", "2", "190", "2001-09-24", "2001-10-09", "0.00"),
("27", "1", "86", "2001-04-05", "2001-04-27", "0.20"),
("27", "1", "92", "2001-11-29", "2001-12-10", "0.00"),
("27", "1", "108", "2001-06-11", "2001-06-28", "0.00"),
("27", "1", "111", "2000-10-02", "2000-11-13", "3.00"),
("27", "1", "122", "2000-12-01", "2001-01-08", "2.20"),
("27", "1", "124", "2001-10-02", "2001-10-11", "0.00"),
("27", "1", "130", "2001-01-22", "2001-02-12", "0.00"),
("27", "1", "135", "2001-02-23", "2001-04-02", "2.20"),
("27", "1", "180", "2002-01-14", "2002-02-04", "0.00"),
("27", "2", "56", "2001-11-05", "2001-11-26", "0.00"),
("27", "2", "70", "2001-09-17", "2001-10-15", "1.00"),
("27", "2", "77", "2002-01-28", "", "0.00"),
("27", "2", "85", "2000-10-03", "2000-10-30", "0.80"),
("27", "2", "100", "2001-03-22", "2001-04-20", "1.20"),
("27", "2", "105", "2001-01-23", "2001-02-12", "0.00"),
("27", "2", "119", "2001-05-15", "2001-06-04", "0.00"),
("27", "2", "144", "2000-12-12", "2001-01-16", "2.00"),
("27", "2", "186", "2000-11-14", "2000-12-04", "0.00"),
("27", "3", "61", "2001-06-04", "2001-06-08", "0.00"),
("27", "3", "62", "2001-09-18", "2001-09-26", "0.00"),
("27", "3", "75", "2001-09-04", "2001-09-10", "0.00"),
("27", "3", "91", "2001-11-27", "2001-12-20", "0.40"),
("27", "3", "96", "2000-11-16", "2000-11-23", "0.00"),
("27", "3", "102", "2000-09-26", "2000-11-06", "2.80"),
("27", "3", "126", "2001-10-12", "2001-11-06", "0.40"),
("27", "3", "166", "2001-02-07", "2001-02-15", "0.00"),
("27", "3", "170", "2000-12-18", "2001-01-25", "2.60"),
("27", "3", "184", "2001-03-09", "2001-04-12", "1.80"),
("27", "3", "194", "2002-01-23", "2002-02-22", "1.40"),
("28", "1", "52", "2001-01-29", "2001-03-23", "4.00"),
("28", "1", "71", "2001-09-11", "2001-10-04", "0.40"),
("28", "1", "75", "2001-04-10", "2001-05-14", "1.80"),
("28", "1", "143", "2001-11-12", "2001-11-19", "0.00"),
("28", "1", "145", "2000-11-01", "2000-12-01", "1.40"),
("30", "1", "59", "2001-11-16", "2001-11-30", "0.00"),
("30", "1", "71", "2001-02-08", "2001-02-19", "0.00"),
("30", "1", "100", "2002-01-14", "2002-01-17", "0.00"),
("30", "1", "103", "2001-03-05", "2001-04-06", "1.80"),
("30", "1", "115", "2001-09-24", "2001-10-11", "0.00"),
("30", "1", "118", "2000-11-16", "2000-12-04", "0.00"),
("30", "1", "151", "2001-06-15", "2001-06-25", "0.00"),
("30", "1", "163", "2001-04-27", "2001-05-17", "0.00"),
("30", "1", "166", "2002-02-04", "2002-02-21", "0.00"),
("30", "1", "171", "2001-12-03", "2001-12-21", "0.00"),
("30", "1", "185", "2000-09-25", "2000-10-09", "0.00"),
("30", "1", "191", "2001-01-12", "2001-01-29", "0.00"),
("30", "1", "193", "2000-10-12", "2000-11-13", "1.40"),
("31", "1", "61", "2001-03-29", "2001-05-08", "2.60"),
("31", "1", "90", "2001-12-21", "2002-01-21", "1.20"),
("31", "1", "168", "2000-10-30", "2000-11-20", "0.00"),
("31", "1", "193", "2001-01-09", "2001-02-12", "1.80"),
("33", "1", "59", "2001-10-17", "2001-11-22", "2.20"),
("33", "1", "62", "2001-06-15", "2001-06-25", "0.00"),
("33", "1", "90", "2002-02-18", "", "0.00"),
("33", "1", "104", "2002-01-07", "2002-01-24", "0.00"),
("33", "1", "115", "2000-10-02", "2000-10-20", "0.00"),
("33", "1", "138", "2000-12-19", "2001-02-05", "3.80"),
("33", "1", "150", "2001-04-04", "2001-05-07", "1.60"),
("33", "1", "152", "2000-11-06", "2000-11-24", "0.00"),
("33", "1", "178", "2001-09-13", "2001-10-02", "0.00"),
("33", "1", "185", "2001-02-09", "2001-03-06", "0.40"),
("33", "2", "61", "2001-09-28", "2001-10-15", "0.00"),
("33", "2", "73", "2001-05-16", "2001-06-06", "0.00"),
("33", "2", "85", "2000-12-18", "2001-02-12", "4.00"),
("33", "2", "114", "2001-09-03", "2001-09-24", "0.00"),
("33", "2", "118", "2000-09-26", "2000-11-06", "2.80"),
("33", "2", "125", "2002-02-18", "", "0.00"),
("33", "2", "137", "2001-03-12", "2001-04-02", "0.00"),
("33", "2", "157", "2001-12-14", "2002-01-15", "1.40"),
("33", "2", "159", "2001-11-07", "2001-11-16", "0.00"),
("33", "2", "170", "2000-11-16", "2000-12-04", "0.00"),
("33", "3", "74", "2001-02-19", "2001-03-15", "0.60"),
("33", "3", "83", "2001-01-10", "2001-02-02", "0.40"),
("33", "3", "86", "2002-01-14", "2002-01-31", "0.00"),
("33", "3", "97", "2001-09-10", "2001-09-25", "0.00"),
("33", "3", "120", "2000-10-02", "2000-10-13", "0.00"),
("33", "3", "135", "2000-11-22", "2000-12-07", "0.00"),
("33", "3", "139", "2002-02-21", "", "0.00"),
("33", "3", "167", "2001-04-19", "2001-06-04", "3.40"),
("33", "3", "175", "2001-11-06", "2001-12-04", "1.00"),
("34", "1", "71", "2001-03-05", "2001-03-19", "0.00"),
("34", "1", "72", "2001-11-20", "2001-12-10", "0.00"),
("34", "1", "104", "2001-04-06", "2001-04-20", "0.00"),
("34", "1", "117", "2000-11-06", "2000-11-15", "0.00"),
("34", "1", "152", "2000-09-15", "2000-10-12", "0.80"),
("34", "1", "159", "2002-02-19", "", "0.00"),
("34", "1", "163", "2000-12-12", "2001-02-05", "4.00"),
("34", "1", "178", "2001-05-10", "2001-05-31", "0.00"),
("34", "1", "179", "2002-01-07", "2002-02-04", "1.00"),
("34", "1", "182", "2001-09-25", "2001-10-08", "0.00"),
("34", "2", "79", "2001-11-09", "2001-11-27", "0.00"),
("34", "2", "83", "2001-12-21", "2002-01-18", "1.00"),
("34", "2", "86", "2001-04-26", "2001-05-09", "0.00"),
("34", "2", "89", "2000-09-29", "2000-11-13", "3.20"),
("34", "2", "91", "2001-06-08", "2001-06-22", "0.00"),
("34", "2", "95", "2001-03-22", "2001-04-02", "0.00"),
("34", "2", "118", "2002-01-30", "2002-02-28", "1.00"),
("34", "2", "129", "2000-12-04", "2001-01-15", "3.00"),
("34", "2", "154", "2001-02-19", "2001-03-08", "0.00"),
("34", "2", "172", "2001-11-29", "2001-12-12", "0.00"),
("34", "2", "187", "2001-10-02", "2001-10-30", "1.00"),
("34", "3", "56", "2001-12-17", "2002-01-28", "3.00"),
("34", "3", "66", "2002-02-06", "", "0.00"),
("34", "3", "69", "2000-11-20", "2000-12-05", "0.00"),
("34", "3", "90", "2001-09-03", "2001-09-25", "0.20"),
("34", "3", "102", "2001-01-11", "2001-01-30", "0.00"),
("34", "3", "120", "2001-04-20", "2001-05-31", "2.80"),
("34", "3", "137", "2001-03-14", "2001-03-29", "0.00"),
("34", "3", "148", "2001-10-29", "2001-11-08", "0.00"),
("34", "3", "175", "2000-09-26", "2000-11-01", "2.20"),
("35", "1", "59", "2002-02-22", "", "0.00"),
("35", "1", "62", "2002-01-14", "2002-01-23", "0.00"),
("35", "1", "100", "2001-10-12", "2001-11-07", "0.60"),
("35", "1", "118", "2001-02-16", "2001-03-05", "0.00"),
("35", "1", "119", "2001-09-11", "2001-09-17", "0.00"),
("35", "1", "137", "2000-12-15", "2001-01-29", "3.20"),
("35", "1", "160", "2000-11-08", "2000-11-20", "0.00"),
("36", "1", "55", "2000-11-03", "2000-11-27", "0.20"),
("36", "1", "59", "2001-09-03", "2001-09-18", "0.00"),
("36", "1", "62", "2001-02-19", "2001-04-02", "3.00"),
("36", "1", "90", "2000-12-11", "2001-02-01", "4.00"),
("36", "1", "128", "2001-12-18", "2002-01-10", "0.40"),
("36", "1", "134", "2001-04-13", "2001-05-14", "1.20"),
("36", "1", "136", "2001-10-12", "2001-11-05", "0.20"),
("36", "1", "163", "2002-01-16", "2002-02-18", "1.60"),
("37", "1", "100", "2001-09-03", "2001-09-26", "0.40"),
("37", "1", "132", "2000-09-26", "2000-11-01", "2.20"),
("37", "1", "149", "2001-03-05", "2001-03-15", "0.00"),
("37", "1", "181", "2001-12-12", "2002-01-17", "2.20"),
("39", "1", "72", "2000-10-02", "2000-11-20", "4.00"),
("39", "1", "90", "2000-12-13", "2001-01-23", "2.80"),
("39", "1", "101", "2000-09-15", "2000-09-26", "0.00"),
("39", "1", "140", "2001-04-09", "2001-05-14", "2.00"),
("39", "1", "142", "2001-06-11", "2001-06-29", "0.00"),
("39", "1", "151", "2001-02-12", "2001-03-26", "3.00"),
("39", "1", "166", "2002-01-17", "2002-02-21", "2.00"),
("39", "1", "170", "2001-09-26", "2001-10-15", "0.00"),
("39", "1", "189", "2001-11-06", "2001-12-03", "0.80"),
("39", "2", "54", "2000-12-05", "2001-01-15", "2.80"),
("39", "2", "79", "2001-02-08", "2001-03-09", "1.20"),
("39", "2", "86", "2001-10-18", "2001-11-23", "2.20"),
("39", "2", "112", "2001-09-20", "2001-10-09", "0.00"),
("39", "2", "120", "2002-02-08", "", "0.00"),
("39", "2", "130", "2001-05-17", "2001-06-07", "0.00"),
("39", "2", "169", "2000-09-12", "2000-09-21", "0.00"),
("39", "2", "183", "2001-04-27", "2001-05-16", "0.00"),
("39", "2", "191", "2000-10-30", "2000-11-24", "0.80"),
("39", "2", "192", "2001-12-12", "2002-01-14", "1.60"),
("40", "1", "56", "2000-10-16", "2000-11-20", "2.00"),
("41", "1", "86", "2001-01-29", "2001-02-15", "0.00"),
("41", "1", "140", "2001-10-19", "2001-11-15", "0.80"),
("41", "1", "155", "2000-09-18", "2000-10-31", "3.20"),
("41", "1", "185", "2002-02-07", "2002-02-26", "0.00"),
("41", "1", "186", "2000-12-04", "2000-12-22", "0.00"),
("41", "1", "187", "2001-05-16", "2001-06-06", "0.00"),
("41", "1", "190", "2001-03-15", "2001-04-25", "2.80"),
("42", "1", "61", "2001-01-26", "2001-02-12", "0.00"),
("42", "1", "62", "2002-01-14", "2002-02-07", "0.60"),
("42", "1", "86", "2000-11-24", "2000-12-13", "0.00"),
("42", "1", "96", "2001-09-06", "2001-09-24", "0.00"),
("42", "1", "103", "2001-04-16", "2001-05-07", "0.00"),
("42", "1", "122", "2001-11-06", "2001-12-03", "0.80"),
("43", "1", "70", "2001-04-09", "2001-05-07", "1.00"),
("43", "1", "85", "2001-11-05", "2001-11-26", "0.00"),
("43", "1", "100", "2000-09-22", "2000-11-08", "3.60"),
("43", "1", "129", "2001-02-19", "2001-03-19", "1.00"),
("43", "1", "143", "2001-09-03", "2001-09-26", "0.40"),
("43", "1", "144", "2002-01-14", "2002-02-04", "0.00"),
("43", "1", "161", "2000-12-13", "2001-01-10", "1.00"),
("43", "2", "53", "2000-11-10", "2000-11-30", "0.00"),
("43", "2", "55", "2001-05-30", "2001-06-20", "0.00"),
("43", "2", "72", "2001-01-18", "2001-01-29", "0.00"),
("43", "2", "90", "2001-03-14", "2001-04-12", "1.20"),
("43", "2", "108", "2002-01-24", "2002-02-07", "0.00"),
("43", "2", "114", "2001-12-12", "2002-01-15", "1.80"),
("43", "2", "142", "2000-09-12", "2000-10-09", "0.80"),
("43", "2", "163", "2001-10-15", "2001-11-20", "2.20"),
("43", "2", "183", "2001-02-01", "2001-02-13", "0.00"),
("49", "1", "86", "2000-12-18", "2001-02-06", "4.00"),
("49", "1", "141", "2001-03-16", "2001-04-02", "0.00"),
("49", "1", "146", "2001-05-14", "2001-06-08", "0.80"),
("49", "1", "168", "2001-09-28", "2001-10-30", "1.40"),
("49", "1", "193", "2002-01-14", "", "0.00"),
("50", "1", "144", "2001-11-05", "2001-11-23", "0.00"),
("50", "1", "157", "2002-01-31", "2002-02-27", "0.80"),
("50", "1", "165", "2000-12-21", "2001-03-05", "4.00"),
("50", "1", "185", "2001-05-08", "2001-05-29", "0.00"),
("51", "1", "51", "2001-12-17", "2002-01-30", "3.40"),
("51", "1", "79", "2001-02-02", "2001-02-15", "0.00"),
("51", "1", "86", "2000-12-11", "2000-12-13", "0.00"),
("51", "1", "137", "2001-09-03", "2001-10-05", "1.80"),
("52", "1", "59", "2001-02-01", "2001-02-19", "0.00"),
("52", "1", "75", "2001-09-04", "2001-10-17", "3.20"),
("52", "1", "86", "2000-11-10", "2000-11-15", "0.00"),
("52", "1", "87", "2001-05-30", "2001-06-14", "0.00"),
("52", "1", "102", "2001-11-23", "2001-12-17", "0.20"),
("52", "1", "106", "2000-12-07", "2001-01-19", "3.20"),
("52", "1", "120", "2000-10-05", "2000-11-01", "0.80"),
("52", "1", "122", "2001-04-11", "2001-05-08", "0.80"),
("52", "1", "164", "2002-01-14", "2002-02-04", "0.00"),
("52", "1", "185", "2001-03-21", "2001-04-06", "0.00"),
("52", "2", "54", "2001-01-15", "2001-01-29", "0.00"),
("52", "2", "69", "2001-11-09", "2001-11-19", "0.00"),
("52", "2", "93", "2001-03-05", "2001-03-21", "0.00"),
("52", "2", "100", "2000-09-28", "2000-10-11", "0.00"),
("52", "2", "111", "2001-10-08", "2001-10-29", "0.00"),
("52", "2", "118", "2001-03-28", "2001-04-19", "0.20"),
("52", "2", "121", "2000-11-02", "2000-11-16", "0.00"),
("52", "2", "123", "2001-12-03", "2001-12-19", "0.00"),
("52", "2", "144", "2001-05-14", "2001-06-14", "1.60"),
("52", "2", "149", "2000-11-27", "2000-12-11", "0.00"),
("52", "2", "150", "2000-12-18", "2001-01-15", "1.00"),
("52", "2", "150", "2001-01-22", "2001-02-12", "0.00"),
("52", "2", "156", "2002-02-25", "", "0.00"),
("52", "2", "186", "2001-09-07", "2001-09-27", "0.00"),
("52", "2", "188", "2001-04-23", "2001-05-07", "0.00"),
("53", "1", "66", "2000-11-29", "2000-12-11", "0.00"),
("53", "1", "185", "2001-10-08", "2001-11-05", "1.00"),
("54", "1", "51", "2000-11-14", "2000-11-21", "0.00"),
("54", "1", "86", "2001-04-23", "2001-05-15", "0.20"),
("54", "1", "104", "2001-10-30", "2001-11-27", "1.00"),
("54", "1", "157", "2001-01-25", "2001-02-23", "1.20"),
("54", "1", "163", "2002-02-25", "", "0.00"),
("54", "1", "194", "2002-01-21", "2002-01-28", "0.00"),
("55", "1", "86", "2001-02-19", "2001-03-15", "0.60"),
("55", "1", "91", "2001-12-06", "2002-01-15", "2.60"),
("55", "1", "100", "2001-09-14", "2001-09-26", "0.00"),
("55", "1", "152", "2000-09-14", "2000-10-09", "0.40"),
("55", "1", "152", "2001-11-02", "2001-11-19", "0.00"),
("55", "1", "169", "2001-06-12", "2001-06-18", "0.00"),
("55", "1", "181", "2000-11-20", "2000-12-08", "0.00"),
("56", "1", "86", "2001-09-11", "2001-10-02", "0.00"),
("56", "1", "86", "2002-01-11", "2002-02-22", "3.00"),
("56", "1", "94", "2001-02-05", "2001-02-13", "0.00"),
("56", "1", "100", "2000-09-29", "2000-11-06", "2.20"),
("56", "1", "160", "2001-04-11", "2001-05-16", "2.00"),
("57", "1", "58", "2001-12-10", "2002-01-11", "1.80"),
("57", "1", "64", "2001-04-16", "2001-05-08", "0.20"),
("57", "1", "139", "2000-11-20", "2000-12-18", "1.00"),
("59", "1", "62", "2001-03-12", "2001-03-28", "0.00"),
("59", "1", "91", "2001-05-10", "2001-06-07", "1.00"),
("59", "1", "108", "2001-10-30", "2001-11-16", "0.00"),
("59", "1", "144", "2001-01-11", "2001-01-22", "0.00"),
("59", "1", "156", "2000-10-19", "2000-11-09", "0.00"),
("59", "1", "157", "2001-12-18", "2002-01-28", "2.80"),
("60", "1", "55", "2000-12-11", "2001-01-15", "2.00"),
("60", "1", "73", "2001-12-04", "2002-01-07", "1.80"),
("60", "1", "111", "2000-10-09", "2000-10-19", "0.00"),
("60", "1", "136", "2001-05-30", "2001-06-18", "0.00"),
("60", "1", "156", "2001-03-12", "2001-03-19", "0.00"),
("60", "1", "170", "2001-09-20", "2001-11-12", "4.00"),
("60", "2", "70", "2000-12-18", "2001-01-23", "2.20"),
("60", "2", "100", "2000-11-17", "2000-11-28", "0.00"),
("60", "2", "100", "2001-11-05", "2001-12-03", "1.00"),
("60", "2", "103", "2001-09-13", "2001-10-03", "0.00"),
("60", "2", "112", "2002-02-20", "", "0.00"),
("60", "2", "135", "2002-01-30", "2002-02-18", "0.00"),
("60", "2", "138", "2001-02-12", "2001-03-15", "1.60"),
("60", "2", "143", "2000-09-20", "2000-09-25", "0.00"),
("60", "2", "164", "2000-10-02", "2000-11-14", "3.20"),
("60", "2", "167", "2001-03-21", "2001-04-20", "1.40"),
("60", "2", "196", "2001-05-14", "2001-06-13", "1.40"),
("61", "1", "86", "2001-09-11", "2001-09-24", "0.00"),
("61", "1", "128", "2002-02-19", "", "0.00"),
("61", "1", "163", "2001-04-02", "2001-04-23", "0.00"),
("61", "1", "175", "2000-09-20", "2000-11-10", "4.00"),
("61", "1", "185", "2001-12-17", "2002-01-30", "3.40"),
("63", "1", "79", "2001-06-04", "2001-06-25", "0.00"),
("63", "1", "86", "2000-10-11", "2000-11-13", "1.60"),
("63", "1", "100", "2001-12-14", "2002-01-07", "0.20"),
("63", "1", "132", "2000-12-11", "2000-12-18", "0.00"),
("64", "1", "79", "2000-10-17", "2000-11-01", "0.00"),
("64", "1", "91", "2001-02-02", "2001-02-16", "0.00"),
("64", "1", "96", "2000-11-22", "2001-01-09", "3.80"),
("64", "1", "105", "2001-11-22", "2001-12-18", "0.60"),
("64", "1", "110", "2001-03-13", "2001-04-02", "0.00"),
("64", "1", "112", "2001-09-04", "2001-10-10", "2.20"),
("64", "1", "119", "2002-01-10", "2002-01-28", "0.00"),
("64", "1", "129", "2002-02-04", "", "0.00"),
("64", "1", "134", "2000-09-13", "2000-10-03", "0.00"),
("64", "1", "146", "2001-10-15", "2001-11-19", "1.70"),
("64", "1", "154", "2001-04-26", "2001-06-04", "2.40"),
("64", "2", "52", "2001-06-05", "2001-06-21", "0.00"),
("64", "2", "67", "2000-11-22", "2000-12-08", "0.00"),
("64", "2", "86", "2000-10-20", "2000-11-02", "0.00"),
("64", "2", "94", "2000-09-11", "2000-10-09", "1.00"),
("64", "2", "115", "2001-02-20", "2001-03-20", "1.00"),
("64", "2", "135", "2001-10-09", "2001-11-19", "2.80"),
("64", "2", "137", "2001-11-30", "2001-12-14", "0.00"),
("64", "2", "145", "2002-01-14", "2002-02-22", "2.80"),
("64", "2", "150", "2001-09-13", "2001-09-24", "0.00"),
("64", "2", "172", "2001-04-02", "2001-05-07", "2.00"),
("64", "2", "191", "2001-01-15", "2001-02-09", "0.80"),
("65", "1", "51", "2001-11-27", "2001-12-14", "0.00"),
("65", "1", "58", "2001-02-21", "2001-03-27", "1.80"),
("65", "1", "63", "2000-11-13", "2000-11-27", "0.00"),
("65", "1", "115", "2001-10-10", "2001-11-16", "2.40"),
("65", "1", "121", "2002-01-21", "2002-02-25", "2.00"),
("65", "1", "122", "2000-09-18", "2000-10-16", "1.00"),
("65", "1", "130", "2001-06-04", "2001-06-21", "0.00"),
("65", "1", "175", "2001-04-12", "2001-04-23", "0.00"),
("65", "1", "192", "2000-12-22", "2001-02-05", "3.20"),
("67", "1", "56", "2001-11-28", "2001-12-17", "0.00"),
("68", "1", "55", "2001-10-16", "2001-11-05", "0.00"),
("68", "1", "95", "2000-12-06", "2001-01-29", "4.00"),
("68", "1", "108", "2001-04-12", "2001-04-27", "0.00"),
("68", "1", "130", "2001-12-19", "2002-02-01", "3.40"),
("68", "1", "135", "2001-03-05", "2001-03-20", "0.00"),
("70", "1", "99", "2001-04-16", "2001-05-07", "0.00"),
("70", "1", "100", "2002-02-08", "", "0.00"),
("71", "1", "89", "2001-11-30", "2001-12-10", "0.00"),
("71", "1", "92", "2001-09-28", "2001-10-10", "0.00"),
("71", "1", "110", "2001-02-02", "2001-02-12", "0.00"),
("71", "1", "155", "2002-02-18", "", "0.00"),
("71", "1", "165", "2001-03-12", "2001-03-30", "0.00"),
("71", "1", "180", "2000-10-02", "2000-11-06", "2.00"),
("72", "1", "53", "2001-12-17", "2002-01-17", "1.60"),
("72", "1", "86", "2000-11-22", "2000-11-29", "0.00"),
("72", "1", "100", "2001-06-11", "2001-07-02", "0.00"),
("72", "1", "101", "2000-10-04", "2000-10-30", "0.60"),
("72", "1", "110", "2001-03-20", "2001-05-07", "3.80"),
("72", "1", "132", "2002-01-28", "", "0.00"),
("72", "1", "139", "2001-10-12", "2001-10-31", "0.00"),
("72", "1", "140", "2001-02-07", "2001-03-16", "2.40"),
("73", "1", "52", "2001-01-23", "2001-03-19", "4.00"),
("73", "1", "82", "2001-05-17", "2001-06-07", "0.00"),
("73", "1", "108", "2002-01-25", "2002-02-06", "0.00"),
("73", "1", "111", "2000-11-30", "2000-12-22", "0.20"),
("73", "1", "138", "2001-10-09", "2001-11-08", "1.40"),
("73", "1", "140", "2002-02-21", "", "0.00"),
("73", "1", "151", "2000-10-31", "2000-11-27", "0.80"),
("73", "1", "163", "2001-04-04", "2001-04-16", "0.00"),
("73", "1", "167", "2001-11-19", "2001-11-29", "0.00"),
("73", "1", "190", "2002-01-07", "2002-01-14", "0.00"),
("73", "1", "193", "2000-09-04", "2000-10-02", "1.00"),
("73", "2", "54", "2001-06-13", "2001-06-25", "0.00"),
("73", "2", "56", "2001-02-13", "2001-02-22", "0.00"),
("73", "2", "68", "2002-02-25", "", "0.00"),
("73", "2", "83", "2000-11-29", "2001-01-09", "2.80"),
("73", "2", "86", "2001-03-28", "2001-04-16", "0.00"),
("73", "2", "105", "2001-09-24", "2001-10-29", "2.00"),
("73", "2", "118", "2000-09-14", "2000-09-27", "0.00"),
("73", "2", "122", "2001-11-05", "2001-11-28", "0.40"),
("73", "2", "142", "2001-01-22", "2001-02-08", "0.00"),
("73", "2", "166", "2001-04-20", "2001-05-14", "0.20"),
("73", "2", "168", "2001-03-12", "2001-03-19", "0.00"),
("73", "2", "186", "2001-05-28", "2001-06-07", "0.00"),
("73", "2", "191", "2000-10-16", "2000-11-13", "1.00"),
("74", "1", "54", "2001-10-09", "2001-11-12", "1.80"),
("74", "1", "108", "2001-05-30", "2001-06-15", "0.00"),
("74", "1", "112", "2000-11-06", "2000-12-11", "2.00"),
("74", "1", "115", "2001-11-28", "2001-12-21", "0.40"),
("74", "1", "135", "2001-03-30", "2001-05-07", "2.20"),
("74", "1", "143", "2001-01-15", "2001-02-12", "1.00"),
("75", "1", "86", "2001-11-20", "2001-12-21", "1.60"),
("75", "1", "134", "2001-04-19", "2001-04-25", "0.00"),
("75", "1", "141", "2000-11-23", "2001-01-09", "3.60"),
("75", "1", "188", "2001-09-19", "2001-10-05", "0.00"),
("76", "1", "55", "2000-11-14", "2000-11-29", "0.00"),
("76", "1", "99", "2001-10-01", "2001-11-05", "2.00"),
("76", "1", "100", "2000-09-13", "2000-10-10", "0.80"),
("76", "1", "111", "2001-09-17", "2001-09-24", "0.00"),
("76", "1", "129", "2000-12-20", "2001-01-15", "0.60"),
("76", "1", "141", "2001-02-19", "2001-03-12", "0.00"),
("76", "1", "152", "2001-12-04", "2002-01-08", "2.00"),
("76", "1", "155", "2002-01-29", "", "0.00"),
("76", "1", "174", "2001-03-26", "2001-04-27", "1.80"),
("76", "2", "69", "2001-10-01", "2001-10-17", "0.00"),
("76", "2", "86", "2001-02-12", "2001-03-05", "0.00"),
("76", "2", "95", "2000-10-18", "2000-11-06", "0.00"),
("76", "2", "126", "2000-12-13", "2001-01-08", "0.60"),
("76", "2", "139", "2001-12-03", "2002-01-09", "2.40"),
("76", "2", "163", "2001-04-02", "2001-04-23", "0.00"),
("76", "2", "166", "2001-06-11", "2001-06-15", "0.00"),
("76", "2", "169", "2002-01-28", "", "0.00"),
("77", "1", "66", "2002-02-22", "", "0.00"),
("77", "1", "77", "2001-10-01", "2001-11-19", "4.00"),
("77", "1", "100", "2001-03-26", "2001-04-18", "0.40"),
("77", "1", "112", "2000-12-18", "2001-01-23", "2.20"),
("77", "1", "115", "2001-03-08", "2001-03-27", "0.00"),
("77", "1", "122", "2001-02-12", "2001-03-05", "0.00"),
("77", "1", "142", "2000-10-30", "2000-12-06", "2.40"),
("77", "1", "144", "2000-09-18", "2000-10-02", "0.00"),
("77", "1", "155", "2001-06-15", "2001-06-27", "0.00"),
("77", "1", "159", "2001-12-05", "2002-01-07", "2.10"),
("77", "1", "172", "2002-01-17", "2002-02-21", "1.80"),
("77", "1", "188", "2001-04-23", "2001-05-29", "2.20"),
("77", "2", "54", "2001-06-04", "2001-06-21", "0.00"),
("77", "2", "62", "2001-12-19", "2002-01-28", "1.20"),
("77", "2", "70", "2000-09-25", "2000-10-30", "2.00"),
("77", "2", "90", "2001-02-19", "2001-03-12", "0.00"),
("77", "2", "109", "2002-01-30", "2002-02-19", "0.00"),
("77", "2", "114", "2001-01-17", "2001-02-15", "1.20"),
("77", "2", "127", "2002-02-20", "", "0.00"),
("77", "2", "135", "2001-09-28", "2001-10-15", "0.00"),
("77", "2", "165", "2001-11-09", "2001-11-26", "0.00"),
("77", "2", "169", "2000-11-20", "2001-01-08", "4.00"),
("77", "2", "185", "2001-03-22", "2001-04-27", "2.20"),
("78", "1", "70", "2000-09-25", "2000-10-03", "0.00"),
("78", "1", "84", "2001-12-04", "2002-01-14", "2.80"),
("78", "1", "146", "2001-01-22", "2001-03-09", "3.80"),
("78", "1", "176", "2000-11-17", "2000-12-04", "0.00"),
("78", "1", "180", "2001-06-04", "2001-06-25", "0.00"),
("78", "2", "59", "2001-11-28", "2001-12-07", "0.00"),
("78", "2", "63", "2000-10-13", "2000-11-03", "0.00"),
("78", "2", "83", "2001-04-09", "2001-04-26", "0.00"),
("78", "2", "93", "2000-11-30", "2001-01-22", "4.00"),
("78", "2", "100", "2001-06-06", "2001-06-27", "0.00"),
("78", "2", "106", "2001-01-29", "2001-02-12", "0.00"),
("78", "2", "128", "2002-02-19", "", "0.00"),
("79", "1", "79", "2000-11-08", "2000-11-27", "0.00"),
("79", "1", "86", "2000-12-13", "2001-01-22", "2.60"),
("79", "1", "115", "2001-10-11", "2001-11-19", "2.40"),
("79", "1", "144", "2001-06-04", "2001-06-18", "0.00"),
("79", "1", "149", "2002-02-25", "", "0.00"),
("79", "1", "152", "2001-02-12", "2001-02-22", "0.00"),
("79", "1", "163", "2001-03-28", "2001-04-18", "0.00"),
("79", "1", "177", "2000-09-07", "2000-09-15", "0.00"),
("79", "1", "180", "2001-12-03", "2001-12-17", "0.00"),
("81", "1", "57", "2001-04-23", "2001-05-07", "0.00"),
("81", "1", "59", "2000-11-16", "2000-11-23", "0.00"),
("81", "1", "67", "2001-02-19", "2001-03-26", "2.00"),
("81", "1", "70", "2000-12-11", "2001-01-17", "2.40"),
("81", "1", "79", "2000-10-02", "2000-11-13", "3.00"),
("81", "1", "93", "2001-11-09", "2001-12-03", "0.10"),
("81", "1", "112", "2002-01-09", "2002-01-21", "0.00"),
("81", "1", "143", "2002-01-28", "", "0.00"),
("81", "1", "152", "2001-06-06", "2001-06-27", "0.00"),
("81", "1", "169", "2001-04-02", "2001-04-16", "0.00"),
("81", "1", "181", "2000-09-06", "2000-09-18", "0.00"),
("81", "2", "54", "2001-03-05", "2001-03-23", "0.00"),
("81", "2", "71", "2000-11-06", "2000-11-24", "0.00"),
("81", "2", "80", "2002-01-10", "2002-01-28", "0.00"),
("81", "2", "95", "2002-02-08", "", "0.00"),
("81", "2", "114", "2001-06-08", "2001-06-29", "0.00"),
("81", "2", "139", "2000-12-07", "2001-01-11", "2.00"),
("81", "2", "163", "2001-10-30", "2001-11-28", "1.20"),
("81", "2", "166", "2001-04-20", "2001-05-07", "0.00"),
("81", "2", "176", "2001-12-03", "2001-12-17", "0.00"),
("81", "2", "186", "2001-09-26", "2001-10-15", "0.00"),
("81", "2", "187", "2001-01-31", "2001-02-14", "0.00"),
("81", "2", "191", "2000-09-11", "2000-09-25", "0.00"),
("82", "1", "90", "2001-01-12", "2001-01-29", "0.00"),
("82", "1", "134", "2001-10-29", "2001-12-03", "2.00"),
("82", "1", "175", "2001-06-14", "2001-07-05", "0.00"),
("82", "1", "181", "2000-11-01", "2000-11-13", "0.00"),
("82", "1", "192", "2002-02-19", "", "0.00"),
("83", "1", "94", "2000-11-16", "2000-11-20", "0.00"),
("83", "1", "128", "2001-06-04", "2001-06-18", "0.00"),
("87", "1", "77", "2001-11-19", "2001-12-21", "1.80"),
("87", "1", "89", "2000-12-11", "2000-12-20", "0.00"),
("87", "1", "92", "2000-10-10", "2000-11-06", "0.80"),
("87", "1", "130", "2001-05-31", "2001-06-08", "0.00"),
("87", "1", "159", "2001-09-17", "2001-09-28", "0.00"),
("87", "1", "162", "2002-01-21", "2002-02-28", "2.60"),
("87", "1", "169", "2001-03-06", "2001-03-19", "0.00"),
("87", "1", "177", "2000-09-15", "2000-09-25", "0.00"),
("87", "1", "179", "2001-04-09", "2001-05-07", "1.00"),
("87", "1", "183", "2000-11-16", "2000-12-08", "0.20"),
("87", "1", "185", "2001-10-12", "2001-11-07", "0.60"),
("87", "1", "192", "2001-01-16", "2001-02-12", "0.80"),
("88", "1", "100", "2001-10-04", "2001-10-15", "0.00"),
("88", "1", "107", "2001-12-12", "2002-01-18", "2.40"),
("88", "1", "136", "2000-09-07", "2000-09-20", "0.00"),
("88", "1", "152", "2000-12-11", "2001-01-22", "3.00"),
("88", "1", "178", "2001-05-16", "2001-05-31", "0.00"),
("89", "1", "53", "2000-10-09", "2000-10-16", "0.00"),
("89", "1", "60", "2001-05-30", "2001-06-20", "0.00"),
("89", "1", "79", "2001-01-15", "2001-02-02", "0.00"),
("89", "1", "80", "2001-10-05", "2001-11-16", "3.00"),
("89", "1", "166", "2001-11-26", "2001-12-11", "0.00"),
("89", "1", "182", "2001-03-20", "2001-05-07", "3.80"),
("89", "1", "188", "2002-01-21", "2002-01-25", "0.00"),
("89", "1", "193", "2000-11-14", "2000-12-06", "0.20"),
("90", "1", "82", "2001-04-23", "2001-05-14", "0.00"),
("90", "1", "88", "2001-06-11", "2001-06-18", "0.00"),
("90", "1", "98", "2001-11-06", "2001-11-15", "0.00"),
("90", "1", "101", "2001-11-26", "2002-01-16", "4.00"),
("90", "1", "116", "2000-11-13", "2000-12-07", "0.60"),
("90", "1", "135", "2000-09-18", "2000-10-16", "1.00"),
("90", "1", "137", "2002-01-24", "2002-02-18", "0.40"),
("90", "1", "150", "2001-01-08", "2001-02-02", "0.80"),
("90", "1", "156", "2001-03-26", "2001-04-10", "0.00"),
("90", "1", "181", "2001-02-22", "2001-03-19", "0.40"),
("90", "1", "193", "2001-10-04", "2001-11-05", "1.40"),
("90", "2", "58", "2001-05-30", "2001-06-13", "0.00"),
("90", "2", "60", "2001-09-13", "2001-10-01", "0.00"),
("90", "2", "66", "2002-01-14", "2002-02-05", "0.20"),
("90", "2", "100", "2000-09-07", "2000-09-20", "0.00"),
("90", "2", "112", "2001-02-19", "2001-04-02", "3.00"),
("90", "2", "127", "2002-02-20", "", "0.00"),
("90", "2", "156", "2001-01-22", "2001-02-14", "0.40"),
("90", "2", "170", "2001-04-20", "2001-05-28", "2.20"),
("90", "2", "179", "2000-11-17", "2000-12-08", "0.00"),
("90", "2", "190", "2001-10-29", "2001-12-04", "2.20"),
("90", "2", "196", "2000-10-06", "2000-11-06", "1.20"),
("91", "1", "53", "2001-05-28", "2001-06-07", "0.00"),
("91", "1", "98", "2000-10-20", "2000-11-20", "1.20"),
("91", "1", "113", "2001-03-16", "2001-04-20", "2.00"),
("91", "1", "146", "2001-09-20", "2001-10-10", "0.00"),
("91", "1", "154", "2001-01-15", "2001-02-13", "1.20"),
("91", "1", "162", "2002-01-07", "2002-02-05", "1.20"),
("91", "1", "163", "2000-11-24", "2000-12-08", "0.00"),
("91", "1", "164", "2000-09-20", "2000-10-06", "0.00"),
("91", "1", "186", "2001-11-09", "2001-12-03", "0.20"),
("92", "1", "69", "2000-12-18", "2001-01-15", "1.00"),
("92", "1", "86", "2001-03-19", "2001-03-22", "0.00"),
("92", "1", "106", "2000-09-22", "2000-10-31", "2.40"),
("92", "1", "110", "2001-05-10", "2001-06-11", "1.40"),
("92", "1", "112", "2001-12-12", "2002-02-18", "4.00"),
("92", "1", "143", "2001-10-11", "2001-11-06", "0.60"),
("93", "1", "57", "2001-02-07", "2001-02-14", "0.00"),
("93", "1", "102", "2001-12-10", "2001-12-14", "0.00"),
("93", "1", "113", "2002-02-18", "", "0.00"),
("93", "1", "124", "2000-11-20", "2000-12-08", "0.00"),
("93", "1", "138", "2001-04-11", "2001-05-07", "0.60"),
("93", "1", "139", "2001-06-12", "2001-07-03", "0.00"),
("93", "1", "145", "2000-10-02", "2000-11-06", "2.00"),
("93", "1", "176", "2001-10-08", "2001-11-07", "1.40"),
("93", "1", "180", "2001-03-05", "2001-03-12", "0.00"),
("93", "2", "53", "2000-09-21", "2000-10-13", "0.20"),
("93", "2", "89", "2001-12-12", "2002-02-20", "4.00"),
("93", "2", "96", "2001-10-10", "2001-11-06", "0.80"),
("93", "2", "100", "2001-03-30", "2001-04-12", "0.00"),
("93", "2", "108", "2000-11-10", "2000-11-27", "0.00"),
("93", "2", "119", "2001-05-15", "2001-06-05", "0.00"),
("93", "2", "144", "2001-01-08", "2001-01-22", "0.00"),
("94", "1", "52", "2002-01-21", "2002-02-01", "0.00"),
("94", "1", "64", "2001-03-19", "2001-04-13", "0.80"),
("94", "1", "69", "2000-12-04", "2001-01-23", "4.00"),
("94", "1", "74", "2001-05-07", "2001-06-06", "1.40"),
("94", "1", "91", "2001-10-04", "2001-10-17", "0.00"),
("94", "1", "123", "2001-03-05", "2001-03-14", "0.00"),
("94", "1", "153", "2001-10-29", "2001-11-13", "0.00"),
("94", "1", "185", "2000-09-26", "2000-10-16", "0.00"),
("94", "1", "187", "2001-11-20", "2001-12-11", "0.00"),
("94", "1", "194", "2002-02-27", "", "0.00"),
("96", "1", "69", "2001-05-31", "2001-06-21", "0.00"),
("96", "1", "81", "2001-11-26", "2002-01-07", "3.00"),
("96", "1", "86", "2001-02-09", "2001-03-12", "1.20"),
("96", "1", "89", "2000-11-06", "2000-11-21", "0.00"),
("96", "1", "152", "2000-12-04", "2001-01-15", "3.00"),
("96", "1", "154", "2000-09-25", "2000-10-18", "0.40"),
("96", "1", "163", "2001-04-03", "2001-05-11", "2.60"),
("96", "1", "170", "2001-10-01", "2001-11-19", "4.00"),
("97", "1", "59", "2002-01-23", "", "0.00"),
("97", "1", "75", "2001-06-06", "2001-06-27", "0.00"),
("97", "1", "94", "2001-04-23", "2001-05-28", "2.00"),
("97", "1", "100", "2001-03-26", "2001-04-18", "0.40"),
("97", "1", "110", "2001-10-29", "2001-11-12", "0.00"),
("97", "1", "122", "2000-10-16", "2000-10-31", "0.00"),
("97", "1", "139", "2001-01-19", "2001-02-05", "0.00"),
("97", "1", "157", "2001-02-13", "2001-03-12", "0.80"),
("97", "1", "163", "2001-11-20", "2001-12-13", "0.40"),
("97", "1", "172", "2000-11-20", "2000-12-13", "0.40"),
("97", "1", "185", "2001-09-20", "2001-10-04", "0.00"),
("97", "1", "186", "2000-09-07", "2000-09-25", "0.00"),
("97", "2", "53", "2001-04-16", "2001-05-28", "3.00"),
("97", "2", "107", "2001-09-11", "2001-09-27", "0.00"),
("97", "2", "109", "2000-12-05", "2001-01-09", "2.00"),
("97", "2", "167", "2001-12-10", "2002-01-25", "3.80"),
("97", "2", "176", "2001-02-05", "2001-02-16", "0.00"),
("97", "2", "179", "2000-09-25", "2000-10-30", "2.00"),
("98", "1", "76", "2001-01-31", "2001-03-19", "3.60"),
("98", "1", "97", "2001-10-01", "2001-10-30", "1.20"),
("98", "1", "133", "2001-11-12", "2001-11-23", "0.00"),
("98", "1", "135", "2000-12-06", "2000-12-18", "0.00"),
("98", "1", "149", "2001-04-04", "2001-04-18", "0.00"),
("98", "1", "165", "2000-10-19", "2000-11-10", "0.20"),
("98", "1", "168", "2001-06-07", "2001-06-20", "0.00"),
("98", "1", "173", "2002-02-01", "2002-02-25", "0.20"),
("98", "1", "176", "2002-01-14", "2002-01-25", "0.00"),
("98", "1", "180", "2000-09-25", "2000-10-06", "0.00"),
("98", "1", "185", "2001-05-09", "2001-05-15", "0.00"),
("99", "1", "53", "2002-02-25", "", "0.00"),
("99", "1", "76", "2001-02-20", "2001-03-09", "0.00"),
("99", "1", "78", "2001-12-10", "2002-01-14", "2.00"),
("99", "1", "86", "2001-04-04", "2001-04-16", "0.00"),
("99", "1", "91", "2001-09-05", "2001-10-08", "1.60"),
("99", "1", "92", "2000-10-17", "2000-11-16", "1.40"),
("99", "1", "140", "2000-12-11", "2001-01-11", "1.60"),
("100", "1", "59", "2001-11-30", "2002-01-16", "3.60"),
("100", "1", "75", "2001-05-29", "2001-06-18", "0.00"),
("100", "1", "92", "2000-12-05", "2001-01-12", "2.60"),
("100", "1", "111", "2001-03-28", "2001-04-23", "0.60"),
("100", "1", "140", "2000-11-13", "2000-11-27", "0.00"),
("100", "1", "150", "2001-10-01", "2001-11-07", "2.40"),
("100", "1", "164", "2001-02-06", "2001-03-05", "0.80"),
("100", "1", "185", "2000-10-02", "2000-10-30", "1.00"),
("100", "1", "189", "2002-02-21", "", "0.00"),
("100", "2", "56", "2001-12-17", "2002-01-21", "2.00"),
("100", "2", "62", "2001-05-09", "2001-05-31", "0.20"),
("100", "2", "83", "2000-09-18", "2000-10-30", "3.00"),
("100", "2", "151", "2002-02-18", "", "0.00"),
("100", "2", "160", "2001-09-26", "2001-10-29", "1.60"),
("100", "2", "163", "2001-02-07", "2001-03-05", "0.60"),
("100", "2", "192", "2000-12-06", "2000-12-19", "0.00"),
("101", "1", "62", "2001-01-24", "2001-02-05", "0.00"),
("101", "1", "67", "2001-02-19", "2001-03-29", "2.60"),
("101", "1", "98", "2001-12-20", "2002-01-31", "3.00"),
("101", "1", "112", "2002-02-18", "", "0.00"),
("101", "1", "118", "2001-06-07", "2001-06-28", "0.00"),
("101", "1", "146", "2001-04-16", "2001-05-18", "1.80"),
("101", "1", "155", "2000-10-02", "2000-10-16", "0.00"),
("101", "1", "163", "2001-11-01", "2001-11-21", "0.00"),
("101", "1", "178", "2000-12-07", "2001-01-15", "2.40"),
("101", "1", "191", "2000-11-02", "2000-11-17", "0.00"),
("102", "1", "100", "2001-05-14", "2001-06-12", "1.20"),
("102", "1", "129", "2000-10-30", "2000-11-22", "0.40"),
("102", "1", "146", "2002-01-31", "2002-02-22", "0.20"),
("102", "1", "164", "2001-11-27", "2002-01-07", "2.80"),
("102", "1", "180", "2001-01-29", "2001-03-29", "4.00"),
("103", "1", "67", "2001-01-16", "2001-02-12", "0.80"),
("103", "1", "126", "2001-04-10", "2001-05-08", "1.00"),
("103", "1", "131", "2001-10-08", "2001-11-02", "0.80"),
("103", "2", "62", "2001-11-19", "2001-12-13", "0.60"),
("103", "2", "69", "2002-01-24", "", "0.00"),
("103", "2", "86", "2000-09-27", "2000-11-06", "2.60"),
("103", "2", "100", "2001-03-30", "2001-04-23", "0.20"),
("103", "2", "144", "2001-01-30", "2001-02-19", "0.00"),
("103", "2", "152", "2001-09-12", "2001-09-24", "0.00"),
("104", "1", "51", "2001-04-09", "2001-05-28", "4.00"),
("104", "1", "56", "2000-11-28", "2000-12-18", "0.00"),
("104", "1", "100", "2002-01-24", "2002-02-18", "0.40"),
("104", "1", "114", "2001-09-13", "2001-10-08", "0.40"),
("104", "1", "120", "2000-09-20", "2000-10-09", "0.00"),
("104", "1", "139", "2002-02-21", "", "0.00"),
("104", "1", "164", "2001-02-06", "2001-03-06", "1.00"),
("104", "1", "169", "2000-11-03", "2000-11-14", "0.00"),
("104", "1", "185", "2001-11-09", "2001-11-26", "0.00"),
("104", "2", "121", "2001-04-09", "2001-04-19", "0.00"),
("104", "2", "125", "2001-11-12", "2001-12-04", "0.20"),
("104", "2", "127", "2001-04-26", "2001-05-15", "0.00"),
("104", "2", "143", "2000-12-04", "2000-12-17", "0.00"),
("104", "2", "145", "2000-10-11", "2000-11-01", "0.00"),
("104", "2", "150", "2001-02-14", "2001-03-09", "0.40"),
("104", "2", "154", "2001-09-21", "2001-10-02", "0.00"),
("104", "2", "163", "2000-12-19", "2001-01-26", "2.60"),
("104", "2", "163", "2002-01-29", "2002-02-25", "0.80"),
("104", "2", "170", "2001-05-17", "2001-06-11", "0.40"),
("105", "1", "54", "2001-01-11", "2001-02-08", "1.00"),
("105", "1", "135", "2001-04-19", "2001-05-15", "0.60"),
("105", "1", "193", "2001-12-03", "2001-12-21", "0.00"),
("107", "1", "62", "2000-12-13", "2001-01-25", "3.20"),
("107", "1", "82", "2002-01-24", "2002-02-25", "1.40"),
("107", "1", "100", "2001-09-06", "2001-09-17", "0.00"),
("107", "1", "101", "2001-12-17", "2002-01-09", "0.40"),
("107", "1", "127", "2001-09-25", "2001-10-08", "0.00"),
("107", "1", "143", "2000-09-21", "2000-10-17", "0.60"),
("107", "1", "145", "2001-10-19", "2001-11-12", "0.20"),
("107", "1", "179", "2000-11-13", "2000-12-01", "0.00"),
("107", "1", "180", "2001-03-26", "2001-05-17", "4.00"),
("107", "1", "186", "2001-02-08", "2001-03-05", "0.40"),
("107", "1", "193", "2001-11-20", "2001-12-12", "0.20"),
("107", "1", "196", "2001-06-01", "2001-06-14", "0.00"),
("108", "1", "51", "2002-01-24", "", "0.00"),
("108", "1", "72", "2001-09-17", "2001-10-03", "0.00"),
("108", "1", "98", "2000-09-20", "2000-10-10", "0.00"),
("108", "1", "101", "2001-03-19", "2001-04-06", "0.00"),
("108", "1", "103", "2000-11-16", "2000-12-18", "1.40"),
("108", "1", "108", "2001-04-23", "2001-04-27", "0.00"),
("108", "1", "110", "2001-10-11", "2001-10-16", "0.00"),
("108", "1", "114", "2001-10-31", "2001-11-23", "0.40"),
("108", "1", "117", "2001-02-09", "2001-02-19", "0.00"),
("108", "1", "163", "2001-06-05", "2001-06-21", "0.00"),
("108", "1", "169", "2001-01-22", "2001-01-29", "0.00"),
("109", "1", "73", "2001-03-09", "2001-04-25", "3.60"),
("109", "1", "113", "2001-11-09", "2001-11-26", "0.00"),
("109", "1", "139", "2001-06-07", "2001-06-27", "0.00"),
("109", "1", "147", "2001-02-02", "2001-03-06", "1.40"),
("109", "1", "152", "2002-02-07", "", "0.00"),
("109", "1", "160", "2000-10-10", "2000-11-06", "0.80"),
("109", "1", "163", "2002-01-07", "2002-01-17", "0.00"),
("109", "1", "165", "2000-12-01", "2000-12-11", "0.00"),
("109", "1", "169", "2000-09-21", "2000-10-02", "0.00"),
("110", "1", "93", "2001-04-26", "2001-05-28", "1.40"),
("110", "1", "118", "2001-03-05", "2001-04-10", "2.20"),
("110", "1", "120", "2000-11-27", "2001-01-09", "3.20"),
("110", "1", "137", "2000-10-31", "2000-11-10", "0.00"),
("110", "1", "154", "2000-09-12", "2000-10-06", "0.60"),
("110", "1", "155", "2002-01-23", "2002-02-27", "2.00"),
("110", "1", "161", "2001-09-17", "2001-09-26", "0.00"),
("110", "1", "163", "2001-10-01", "2001-10-08", "0.00"),
("110", "1", "176", "2001-11-19", "2001-12-10", "0.00"),
("110", "2", "79", "2000-10-09", "2000-11-15", "2.40"),
("110", "2", "86", "2001-09-20", "2001-10-12", "0.20"),
("110", "2", "91", "2001-02-19", "2001-03-14", "0.40"),
("110", "2", "121", "2001-01-19", "2001-02-07", "0.00"),
("110", "2", "144", "2001-10-16", "2001-11-27", "3.00"),
("110", "2", "181", "2001-12-17", "2002-01-16", "1.40"),
("110", "2", "182", "2001-04-09", "2001-04-19", "0.00"),
("110", "2", "193", "2002-02-06", "", "0.00"),
("111", "1", "101", "2001-05-10", "2001-06-06", "0.80"),
("111", "1", "108", "2002-01-14", "2002-02-08", "0.80"),
("111", "1", "119", "2000-12-14", "2001-01-12", "1.20"),
("111", "1", "141", "2001-01-17", "2001-02-23", "2.40"),
("111", "1", "155", "2001-03-19", "2001-04-26", "2.60"),
("111", "1", "158", "2001-10-12", "2001-11-08", "0.80"),
("111", "1", "160", "2000-11-07", "2000-11-30", "0.40"),
("111", "1", "163", "2001-11-22", "2001-12-05", "0.00"),
("111", "1", "183", "2000-09-18", "2000-10-11", "0.40"),
("112", "1", "86", "2001-10-15", "2001-11-16", "1.80"),
("112", "1", "103", "2000-11-29", "2000-12-18", "0.00"),
("112", "1", "155", "2000-10-16", "2000-11-10", "0.80"),
("112", "1", "156", "2001-02-12", "2001-03-13", "1.20"),
("112", "1", "185", "2001-04-19", "2001-05-17", "1.00"),
("115", "1", "61", "2001-06-05", "2001-06-18", "0.00"),
("115", "1", "92", "2000-10-11", "2000-11-20", "2.60"),
("115", "1", "146", "2001-03-12", "2001-04-23", "3.00"),
("115", "1", "163", "2001-09-10", "2001-10-08", "1.00"),
("115", "1", "169", "2001-10-29", "2001-12-03", "2.00"),
("115", "1", "176", "2002-02-18", "", "0.00"),
("115", "1", "188", "2000-12-11", "2001-02-07", "4.00"),
("115", "1", "196", "2002-01-14", "2002-01-30", "0.00"),
("115", "2", "51", "2001-04-02", "2001-05-08", "2.20"),
("115", "2", "53", "2001-05-14", "2001-06-13", "1.40"),
("115", "2", "59", "2000-12-13", "2001-01-08", "0.60"),
("115", "2", "95", "2001-02-22", "2001-03-22", "1.00"),
("115", "2", "116", "2001-12-13", "2002-02-18", "4.00"),
("115", "2", "148", "2001-10-01", "2001-11-02", "1.80"),
("115", "2", "151", "2000-09-20", "2000-11-03", "3.40"),
("116", "1", "53", "2002-02-19", "", "0.00"),
("116", "1", "55", "2000-11-13", "2000-12-11", "1.00"),
("116", "1", "86", "2000-10-13", "2000-11-02", "0.00"),
("116", "1", "93", "2001-11-21", "2002-01-07", "3.60"),
("116", "1", "100", "2000-12-12", "2001-01-26", "3.60"),
("116", "1", "121", "2000-09-15", "2000-10-02", "0.00"),
("116", "1", "126", "2001-02-01", "2001-03-08", "2.00"),
("116", "1", "145", "2001-03-19", "2001-04-16", "1.00"),
("116", "1", "179", "2001-10-16", "2001-11-16", "1.60"),
("116", "1", "182", "2001-05-14", "2001-06-01", "0.00"),
("116", "1", "192", "2002-01-21", "2002-02-01", "0.00"),
("116", "1", "193", "2001-09-13", "2001-09-27", "0.00"),
("119", "1", "119", "2001-09-17", "2001-10-15", "1.00"),
("119", "1", "185", "2001-11-23", "2001-12-10", "0.00"),
("119", "1", "187", "2000-11-23", "2001-01-11", "4.00"),
("119", "1", "194", "2001-02-23", "2001-03-09", "0.00"),
("122", "1", "86", "2001-01-15", "2001-01-29", "0.00"),
("122", "1", "146", "2000-10-17", "2000-11-20", "1.80"),
("123", "1", "57", "2002-02-27", "", "0.00"),
("123", "1", "59", "2000-10-19", "2000-11-16", "1.00"),
("123", "1", "118", "2001-03-20", "2001-04-18", "1.20"),
("123", "1", "146", "2000-12-19", "2001-01-26", "2.60"),
("123", "1", "156", "2002-01-22", "2002-01-31", "0.00"),
("123", "1", "172", "2001-09-26", "2001-10-19", "0.40"),
("123", "1", "188", "2001-06-15", "2001-06-22", "0.00"),
("125", "1", "101", "2001-04-02", "2001-05-14", "3.00"),
("126", "1", "73", "2000-09-18", "2000-10-09", "0.00"),
("126", "1", "103", "2001-10-12", "2001-11-06", "0.40"),
("126", "1", "106", "2000-11-07", "2000-11-27", "0.00"),
("126", "1", "114", "2001-12-11", "2002-01-14", "1.80"),
("126", "1", "120", "2001-01-26", "2001-02-07", "0.00"),
("126", "1", "168", "2001-04-25", "2001-05-14", "0.00"),
("127", "1", "59", "2000-12-05", "2000-12-18", "0.00"),
("127", "1", "113", "2000-09-25", "2000-10-10", "0.00"),
("127", "1", "115", "2001-03-27", "2001-04-17", "0.00"),
("127", "1", "119", "2001-12-03", "2002-01-23", "4.00"),
("127", "1", "132", "2001-10-12", "2001-11-07", "0.60"),
("127", "1", "141", "2001-09-24", "2001-10-11", "0.00"),
("127", "1", "146", "2001-02-19", "2001-03-07", "0.00"),
("127", "1", "163", "2001-06-08", "2001-06-29", "0.00"),
("127", "1", "192", "2002-02-06", "", "0.00"),
("127", "2", "93", "2001-01-24", "2001-02-05", "0.00"),
("127", "2", "94", "2001-09-21", "2001-11-02", "3.00"),
("127", "2", "100", "2000-11-17", "2001-01-15", "4.00"),
("127", "2", "108", "2001-05-31", "2001-06-21", "0.00"),
("127", "2", "111", "2002-01-23", "2002-01-29", "0.00"),
("127", "2", "116", "2000-09-18", "2000-09-28", "0.00"),
("127", "2", "136", "2001-11-26", "2002-01-09", "3.40"),
("127", "2", "159", "2002-02-28", "", "0.00"),
("127", "2", "169", "2001-02-20", "2001-03-27", "2.00"),
("127", "2", "177", "2000-10-10", "2000-10-30", "0.00"),
("127", "2", "183", "2001-04-27", "2001-05-17", "0.00"),
("128", "1", "75", "2000-12-18", "2001-02-07", "4.00"),
("128", "1", "93", "2001-05-11", "2001-06-11", "1.20"),
("128", "1", "141", "2000-10-11", "2000-11-08", "1.00"),
("128", "1", "196", "2001-10-15", "2001-11-26", "3.00"),
("129", "1", "84", "2002-01-08", "2002-02-19", "3.00"),
("129", "1", "93", "2001-04-18", "2001-05-07", "0.00"),
("129", "1", "112", "2001-02-08", "2001-03-19", "2.40"),
("129", "1", "120", "2001-11-22", "2001-12-05", "0.00"),
("129", "1", "122", "2000-10-04", "2000-11-09", "2.20"),
("129", "1", "129", "2001-05-30", "2001-06-20", "0.00"),
("129", "1", "144", "2001-10-15", "2001-11-19", "2.00"),
("129", "1", "155", "2000-12-19", "2001-01-16", "1.00"),
("129", "2", "62", "2001-04-09", "2001-04-17", "0.00"),
("129", "2", "82", "2002-02-01", "", "0.00"),
("129", "2", "98", "2001-12-07", "2002-01-07", "1.20"),
("129", "2", "123", "2001-01-22", "2001-03-05", "3.00"),
("129", "2", "129", "2000-12-01", "2000-12-18", "0.00"),
("129", "2", "142", "2001-09-24", "2001-11-12", "4.00"),
("129", "2", "169", "2000-10-04", "2000-11-17", "3.40"),
("129", "2", "172", "2001-05-14", "2001-06-04", "0.00"),
("130", "1", "52", "2001-11-20", "2001-12-03", "0.00"),
("130", "1", "77", "2001-12-17", "2002-01-30", "3.40"),
("130", "1", "86", "2000-10-10", "2000-11-27", "3.80"),
("130", "1", "118", "2001-09-28", "2001-11-01", "1.80"),
("130", "1", "126", "2001-04-03", "2001-05-08", "2.00"),
("130", "1", "160", "2000-12-20", "2001-01-15", "0.60"),
("131", "1", "52", "2001-03-26", "2001-04-16", "0.00"),
("131", "1", "53", "2001-10-11", "2001-10-29", "0.00"),
("131", "1", "55", "2002-02-25", "", "0.00"),
("131", "1", "67", "2001-04-20", "2001-05-28", "2.20"),
("131", "1", "110", "2000-12-12", "2001-02-01", "4.00"),
("131", "1", "143", "2001-09-05", "2001-10-08", "1.60"),
("131", "1", "150", "2001-12-04", "2002-01-16", "3.20"),
("131", "1", "169", "2001-02-05", "2001-03-08", "1.60"),
("131", "1", "176", "2001-11-12", "2001-11-21", "0.00"),
("131", "1", "182", "2000-10-11", "2000-11-03", "0.40"),
("131", "1", "183", "2000-09-14", "2000-10-05", "0.00"),
("131", "2", "60", "2000-09-13", "2000-10-11", "1.00"),
("131", "2", "92", "2000-11-06", "2000-11-16", "0.00"),
("131", "2", "112", "2001-12-19", "2002-01-30", "3.00"),
("131", "2", "113", "2002-02-22", "", "0.00"),
("131", "2", "123", "2001-02-12", "2001-03-06", "0.20"),
("131", "2", "128", "2001-10-02", "2001-10-08", "0.00"),
("131", "2", "160", "2001-10-17", "2001-12-04", "3.80"),
("131", "2", "162", "2001-03-21", "2001-04-06", "0.00"),
("131", "2", "165", "2001-05-07", "2001-05-31", "0.60"),
("131", "2", "167", "2000-11-28", "2000-12-13", "0.00"),
("131", "2", "168", "2001-01-10", "2001-02-05", "0.60"),
("131", "2", "185", "2001-06-11", "2001-06-22", "0.00"),
("132", "1", "55", "2001-02-01", "2001-02-15", "0.00"),
("132", "1", "64", "2001-12-06", "2001-12-17", "0.00"),
("132", "1", "83", "2001-04-09", "2001-04-25", "0.00"),
("132", "1", "109", "2001-10-09", "2001-11-26", "3.80"),
("132", "1", "118", "2000-11-29", "2001-01-19", "4.00"),
("132", "1", "138", "2001-04-25", "2001-05-18", "0.40"),
("132", "1", "141", "2002-02-18", "2002-02-27", "0.00"),
("132", "1", "152", "2000-10-09", "2000-11-06", "1.00"),
("132", "1", "156", "2002-01-16", "2002-02-05", "0.00"),
("132", "1", "172", "2001-03-09", "2001-04-03", "0.40"),
("132", "1", "181", "2001-06-11", "2001-07-02", "0.00"),
("132", "1", "183", "2000-09-12", "2000-09-21", "0.00"),
("133", "1", "89", "2001-09-18", "2001-09-28", "0.00"),
("133", "1", "134", "2000-11-06", "2000-12-11", "2.00"),
("133", "1", "144", "2001-10-18", "2001-11-09", "0.20"),
("133", "1", "157", "2001-03-23", "2001-04-13", "0.00"),
("133", "1", "165", "2001-12-03", "2002-01-07", "2.00"),
("133", "1", "170", "2001-01-22", "2001-02-01", "0.00"),
("140", "1", "79", "2001-02-16", "2001-03-05", "0.00"),
("140", "1", "90", "2001-10-30", "2001-11-16", "0.00"),
("140", "1", "91", "2000-09-25", "2000-10-30", "2.00"),
("140", "1", "92", "2001-03-19", "2001-04-16", "1.00"),
("140", "1", "119", "2000-12-04", "2001-01-16", "3.20"),
("140", "1", "132", "2002-02-05", "2002-02-21", "0.00"),
("140", "1", "151", "2001-04-27", "2001-06-01", "2.00"),
("140", "1", "163", "2001-12-14", "2002-01-21", "2.20"),
("140", "1", "178", "2001-09-10", "2001-09-20", "0.00"),
("141", "1", "72", "2001-01-24", "2001-02-23", "1.40"),
("141", "1", "129", "2001-09-21", "2001-10-08", "0.00"),
("141", "1", "132", "2002-02-28", "", "0.00"),
("141", "1", "136", "2002-01-07", "2002-01-22", "0.00"),
("141", "1", "152", "2001-03-23", "2001-05-14", "4.00"),
("141", "1", "154", "2001-11-05", "2001-11-16", "0.00"),
("141", "1", "184", "2000-10-05", "2000-11-07", "1.60"),
("142", "1", "53", "2001-04-13", "2001-05-07", "0.20"),
("142", "1", "61", "2001-03-07", "2001-03-28", "0.00"),
("142", "1", "86", "2002-01-31", "2002-02-18", "0.00"),
("142", "1", "90", "2000-09-22", "2000-10-18", "0.60"),
("142", "1", "101", "2001-09-26", "2001-10-29", "1.60"),
("142", "1", "105", "2000-12-12", "2001-02-01", "4.00"),
("142", "1", "110", "2001-11-08", "2001-11-20", "0.00"),
("142", "1", "134", "2001-12-10", "2002-01-07", "1.00"),
("142", "1", "176", "2001-06-06", "2001-06-27", "0.00"),
("143", "1", "56", "2001-11-20", "2001-12-05", "0.00"),
("143", "1", "103", "2000-09-18", "2000-09-25", "0.00"),
("143", "1", "108", "2000-10-18", "2000-11-15", "1.00"),
("143", "1", "130", "2002-01-24", "2002-02-26", "1.60"),
("143", "1", "136", "2002-01-08", "2002-01-14", "0.00"),
("143", "1", "152", "2000-12-19", "2001-01-31", "3.20"),
("143", "1", "157", "2000-11-27", "2000-12-08", "0.00"),
("143", "1", "164", "2001-03-26", "2001-04-12", "0.00"),
("143", "1", "170", "2001-10-19", "2001-11-19", "1.20"),
("143", "1", "177", "2001-04-25", "2001-06-01", "2.40"),
("143", "1", "188", "2001-09-17", "2001-10-10", "0.40"),
("143", "1", "193", "2001-02-19", "2001-03-05", "0.00"),
("143", "2", "67", "2001-10-17", "2001-12-03", "3.60"),
("143", "2", "72", "2001-03-26", "2001-04-12", "0.00"),
("143", "2", "85", "2000-09-06", "2000-09-12", "0.00"),
("143", "2", "91", "2001-09-07", "2001-10-04", "0.80"),
("143", "2", "106", "2000-09-25", "2000-10-12", "0.00"),
("143", "2", "137", "2001-02-12", "2001-03-12", "1.00"),
("143", "2", "159", "2000-12-14", "2001-01-08", "0.40"),
("143", "2", "179", "2000-11-10", "2000-11-30", "0.00"),
("143", "2", "184", "2001-05-31", "2001-06-07", "0.00"),
("143", "2", "186", "2002-01-22", "", "0.00"),
("145", "1", "64", "2002-02-04", "", "0.00"),
("145", "1", "106", "2000-12-13", "2001-01-11", "1.20"),
("145", "1", "141", "2000-10-02", "2000-10-17", "0.00"),
("145", "1", "145", "2001-03-05", "2001-03-22", "0.00"),
("145", "1", "155", "2001-10-03", "2001-10-31", "1.00"),
("145", "1", "163", "2001-12-10", "2002-01-14", "2.00"),
("145", "1", "166", "2001-04-19", "2001-06-05", "3.60"),
("146", "1", "100", "2000-12-18", "2001-01-16", "1.20"),
("146", "1", "104", "2001-05-14", "2001-06-04", "0.00"),
("146", "1", "114", "2001-10-15", "2001-11-27", "3.20"),
("146", "1", "141", "2002-02-19", "", "0.00"),
("146", "1", "149", "2000-09-29", "2000-10-10", "0.00"),
("146", "1", "156", "2000-10-31", "2000-11-20", "0.00"),
("146", "1", "159", "2001-12-19", "2002-01-23", "2.00"),
("146", "1", "162", "2001-04-02", "2001-05-07", "2.00"),
("146", "1", "185", "2001-02-01", "2001-02-08", "0.00"),
("147", "1", "84", "2001-02-19", "2001-03-12", "0.00"),
("147", "1", "102", "2002-02-04", "", "0.00"),
("147", "1", "116", "2000-11-20", "2000-11-29", "0.00"),
("147", "1", "118", "2001-12-17", "2002-01-21", "2.00"),
("147", "1", "143", "2000-12-18", "2001-02-05", "4.00"),
("147", "1", "145", "2001-10-01", "2001-11-05", "2.00"),
("147", "1", "163", "2001-04-19", "2001-06-04", "3.40"),
("148", "1", "73", "2001-03-05", "2001-03-15", "0.00"),
("148", "1", "86", "2001-04-16", "2001-05-18", "1.80"),
("148", "1", "114", "2001-01-08", "2001-01-17", "0.00"),
("148", "1", "135", "2000-11-15", "2000-12-11", "0.60"),
("148", "1", "142", "2002-02-04", "2002-02-28", "0.60"),
("148", "1", "154", "2001-11-19", "2001-12-04", "0.00"),
("148", "1", "185", "2001-09-17", "2001-09-24", "0.00"),
("152", "1", "165", "2002-02-06", "", "0.00"),
("153", "1", "122", "2001-02-15", "2001-03-12", "0.40"),
("153", "1", "159", "2001-10-15", "2001-11-16", "1.80"),
("153", "1", "168", "2001-05-18", "2001-06-08", "0.00"),
("154", "1", "64", "2001-04-26", "2001-05-16", "0.00"),
("155", "1", "126", "2002-02-01", "", "0.00"),
("155", "1", "128", "2000-10-06", "2000-10-18", "0.00"),
("155", "1", "145", "2001-11-26", "2001-12-14", "0.00"),
("155", "1", "149", "2001-05-11", "2001-06-11", "1.20"),
("155", "1", "164", "2001-03-21", "2001-04-23", "1.60"),
("155", "1", "166", "2001-02-19", "2001-03-19", "1.00"),
("155", "1", "185", "2000-12-08", "2001-01-29", "4.00"),
("156", "1", "174", "2001-09-04", "2001-09-24", "0.00"),
("156", "1", "191", "2000-12-12", "2001-01-18", "2.40"),
("156", "1", "194", "2001-10-30", "2001-11-23", "0.60"),
("159", "1", "58", "2001-02-07", "2001-02-23", "0.00"),
("159", "1", "62", "2001-11-23", "2001-12-05", "0.00"),
("159", "1", "67", "2001-10-10", "2001-11-05", "0.60"),
("159", "1", "114", "2000-10-05", "2000-10-12", "0.00"),
("159", "1", "136", "2000-11-20", "2000-12-11", "0.00"),
("159", "1", "137", "2001-06-14", "2001-07-02", "0.00"),
("159", "1", "152", "2001-04-09", "2001-05-17", "2.60"),
("159", "1", "193", "2002-02-05", "", "0.00"),
("159", "2", "72", "2000-11-28", "2001-01-10", "3.20"),
("159", "2", "77", "2002-01-08", "2002-02-01", "0.60"),
("159", "2", "100", "2000-09-26", "2000-10-31", "2.00"),
("159", "2", "102", "2000-11-13", "2000-11-24", "0.00"),
("159", "2", "154", "2001-11-12", "2001-12-04", "0.20"),
("159", "2", "163", "2001-02-06", "2001-03-08", "1.40"),
("159", "2", "166", "2001-03-26", "2001-03-30", "0.00"),
("159", "2", "168", "2001-04-16", "2001-05-07", "0.00"),
("159", "2", "185", "2001-05-16", "2001-06-06", "0.00"),
("160", "1", "51", "2001-11-05", "2001-11-30", "0.80"),
("160", "1", "59", "2002-01-14", "2002-01-28", "0.00"),
("160", "1", "76", "2000-10-16", "2000-11-10", "0.80"),
("160", "1", "82", "2000-09-22", "2000-10-02", "0.00"),
("160", "1", "96", "2002-02-19", "", "0.00"),
("160", "1", "116", "2001-03-15", "2001-03-26", "0.00"),
("160", "1", "118", "2000-12-20", "2001-01-30", "2.80"),
("160", "1", "141", "2001-05-08", "2001-06-07", "1.40"),
("160", "1", "146", "2001-10-01", "2001-10-18", "0.00"),
("161", "1", "86", "2000-12-08", "2000-12-20", "0.00"),
("161", "1", "92", "2000-11-20", "2000-12-01", "0.00"),
("161", "1", "92", "2001-12-17", "2002-01-25", "2.80"),
("161", "1", "94", "2001-06-14", "2001-07-05", "0.00"),
("161", "1", "107", "2001-04-18", "2001-05-07", "0.00"),
("161", "1", "143", "2001-01-26", "2001-02-19", "0.20"),
("161", "1", "154", "2002-02-26", "", "0.00"),
("162", "1", "67", "2001-06-14", "2001-06-29", "0.00"),
("162", "1", "86", "2002-02-05", "2002-02-22", "0.00"),
("162", "1", "123", "2000-10-17", "2000-11-13", "0.80"),
("162", "1", "145", "2001-11-07", "2001-11-19", "0.00"),
("162", "1", "165", "2001-02-12", "2001-03-05", "0.00"),
("163", "1", "69", "2000-10-13", "2000-11-01", "0.00"),
("163", "1", "86", "2002-02-18", "", "0.00"),
("163", "1", "100", "2001-11-05", "2001-12-10", "2.00"),
("163", "1", "114", "2001-03-13", "2001-04-03", "0.00"),
("163", "1", "123", "2001-12-21", "2002-01-22", "1.40"),
("163", "1", "126", "2000-09-07", "2000-09-20", "0.00"),
("163", "1", "142", "2001-02-01", "2001-02-19", "0.00"),
("163", "1", "152", "2001-05-07", "2001-05-11", "0.00"),
("163", "1", "161", "2000-11-27", "2001-01-16", "4.00"),
("163", "1", "192", "2001-06-13", "2001-07-04", "0.00"),
("163", "2", "118", "2001-12-11", "2002-01-14", "1.80"),
("163", "2", "119", "2001-03-12", "2001-04-09", "1.00"),
("163", "2", "121", "2001-04-19", "2001-05-14", "0.40"),
("163", "2", "136", "2001-01-29", "2001-02-12", "0.00"),
("163", "2", "149", "2001-01-15", "2001-01-22", "0.00"),
("163", "2", "156", "2001-09-17", "2001-09-27", "0.00"),
("163", "2", "178", "2002-02-01", "", "0.00"),
("163", "2", "188", "2001-11-02", "2001-11-26", "0.20"),
("163", "2", "196", "2000-11-03", "2000-11-27", "0.20"),
("164", "1", "79", "2000-10-30", "2000-12-05", "2.20"),
("164", "1", "79", "2001-02-05", "2001-02-09", "0.00"),
("164", "1", "100", "2000-09-08", "2000-09-18", "0.00"),
("164", "1", "103", "2000-12-22", "2001-01-17", "0.60"),
("164", "1", "114", "2001-03-06", "2001-03-30", "0.60"),
("164", "1", "122", "2001-11-23", "2001-12-12", "0.00"),
("164", "1", "141", "2001-06-12", "2001-07-03", "0.00"),
("164", "1", "142", "2002-01-10", "2002-01-21", "0.00"),
("164", "1", "162", "2000-09-28", "2000-10-09", "0.00"),
("164", "1", "182", "2002-02-18", "", "0.00"),
("164", "1", "185", "2001-10-09", "2001-11-05", "0.80"),
("164", "1", "193", "2001-04-09", "2001-05-15", "2.20"),
("165", "1", "75", "2001-10-03", "2001-10-31", "1.00"),
("165", "1", "106", "2000-09-08", "2000-09-20", "0.00"),
("165", "1", "115", "2002-01-21", "", "0.00"),
("165", "1", "124", "2001-02-21", "2001-04-02", "2.60"),
("165", "1", "171", "2000-11-14", "2001-01-15", "4.00"),
("166", "1", "139", "2001-03-22", "2001-04-17", "0.60"),
("184", "1", "95", "2001-06-05", "2001-06-26", "0.00"),
("184", "1", "96", "2000-12-20", "2001-01-22", "1.60"),
("184", "1", "99", "2000-10-17", "2000-11-22", "2.20"),
("184", "1", "137", "2001-02-05", "2001-02-19", "0.00"),
("184", "1", "152", "2001-11-26", "2001-12-21", "0.80"),
("184", "1", "160", "2001-10-09", "2001-10-30", "0.00"),
("184", "1", "169", "2001-03-26", "2001-04-23", "1.00"),
("184", "1", "174", "2002-01-31", "", "0.00"),
("184", "2", "61", "2001-02-07", "2001-03-12", "1.60"),
("184", "2", "69", "2001-04-20", "2001-05-17", "0.80"),
("184", "2", "102", "2001-11-12", "2001-12-12", "1.40"),
("184", "2", "108", "2000-11-20", "2001-01-12", "4.00"),
("184", "2", "119", "2000-09-11", "2000-10-17", "2.20"),
("184", "2", "123", "2001-05-28", "2001-06-14", "0.00"),
("184", "2", "172", "2001-09-17", "2001-10-03", "0.00"),
("184", "2", "180", "2002-01-14", "2002-02-20", "2.40"),
("185", "1", "53", "2001-11-26", "2001-12-10", "0.00"),
("185", "1", "86", "2000-11-27", "2001-01-08", "3.00"),
("185", "1", "109", "2001-12-17", "2002-02-25", "4.00"),
("185", "1", "140", "2001-09-24", "2001-10-15", "0.00"),
("185", "1", "146", "2001-06-04", "2001-06-18", "0.00"),
("185", "1", "149", "2001-03-08", "2001-04-17", "2.60"),
("185", "1", "169", "2001-10-29", "2001-11-19", "0.00"),
("185", "1", "178", "2001-01-15", "2001-02-15", "1.60"),
("185", "1", "196", "2000-10-04", "2000-11-06", "1.60"),
("187", "1", "69", "2001-03-19", "2001-04-02", "0.00"),
("187", "1", "73", "2002-02-04", "2002-02-26", "0.20"),
("187", "1", "100", "2001-12-10", "2002-01-09", "1.40"),
("187", "1", "130", "2001-06-08", "2001-06-22", "0.00"),
("187", "1", "162", "2000-11-06", "2000-11-20", "0.00"),
("187", "1", "163", "2001-09-21", "2001-10-19", "1.00"),
("187", "1", "188", "2000-12-01", "2001-01-10", "2.60"),
("188", "1", "132", "2002-02-04", "", "0.00"),
("188", "1", "179", "2000-12-08", "2000-12-18", "0.00"),
("189", "1", "54", "2000-10-19", "2000-11-29", "2.80"),
("189", "1", "118", "2001-11-19", "2002-01-07", "4.00"),
("189", "1", "126", "2001-04-20", "2001-06-01", "3.00"),
("189", "1", "144", "2001-09-17", "2001-10-08", "0.00"),
("189", "1", "191", "2002-01-21", "", "0.00"),
("190", "1", "56", "2001-10-08", "2001-10-29", "0.00"),
("190", "1", "66", "2001-03-28", "2001-04-19", "0.20"),
("190", "1", "93", "2002-01-14", "2002-02-28", "3.60"),
("190", "1", "163", "2001-01-09", "2001-01-22", "0.00"),
("192", "1", "57", "2001-10-29", "2001-12-07", "2.80"),
("192", "1", "69", "2000-12-08", "2001-01-08", "1.20"),
("192", "1", "86", "2000-10-02", "2000-11-01", "1.40"),
("192", "1", "111", "2001-05-16", "2001-06-06", "0.00"),
("192", "1", "115", "2001-03-07", "2001-04-02", "0.60"),
("192", "1", "186", "2002-01-15", "2002-01-31", "0.00"),
("193", "1", "64", "2000-09-14", "2000-10-05", "0.00"),
("193", "1", "121", "2001-01-29", "2001-03-05", "2.00"),
("193", "1", "168", "2001-10-01", "2001-10-08", "0.00"),
("195", "1", "70", "2001-06-13", "2001-07-04", "0.00"),
("195", "1", "86", "2000-10-18", "2000-11-08", "0.00"),
("195", "1", "145", "2001-03-19", "2001-04-24", "2.20"),
("195", "1", "150", "2002-01-17", "2002-02-08", "0.20"),
("196", "1", "79", "2001-09-17", "2001-10-04", "0.00"),
("196", "1", "89", "2001-04-20", "2001-05-09", "0.00"),
("196", "1", "174", "2000-11-20", "2000-12-18", "1.00"),
("198", "1", "75", "2001-03-27", "2001-04-24", "1.00"),
("198", "1", "86", "2000-11-22", "2000-12-15", "0.40"),
("198", "1", "156", "2001-11-29", "2002-01-08", "2.60"),
("199", "1", "98", "2001-03-19", "2001-03-27", "0.00"),
("199", "1", "142", "2001-10-19", "2001-11-06", "0.00"),
("200", "1", "60", "2002-02-08", "", "0.00"),
("200", "1", "70", "2000-11-13", "2000-12-12", "1.20"),
("200", "1", "86", "2001-03-23", "2001-05-08", "3.40"),
("200", "1", "92", "2001-10-10", "2001-11-05", "0.60"),
("200", "1", "100", "2001-11-14", "2001-12-14", "1.40"),
("200", "1", "129", "2001-06-04", "2001-06-25", "0.00"),
("200", "1", "137", "2001-02-08", "2001-02-21", "0.00"),
("200", "1", "163", "2002-01-11", "2002-01-28", "0.00"),
("200", "1", "166", "2000-12-20", "2001-01-29", "2.60"),
("200", "1", "183", "2000-09-27", "2000-11-08", "3.00"),
("201", "1", "180", "2001-09-12", "2001-10-01", "0.00"),
("202", "1", "51", "2001-06-07", "2001-06-22", "0.00"),
("203", "1", "82", "2001-03-21", "2001-04-04", "0.00"),
("203", "1", "112", "2002-02-25", "", "0.00"),
("203", "1", "113", "2001-05-29", "2001-06-12", "0.00"),
("203", "1", "119", "2000-09-25", "2000-10-06", "0.00"),
("203", "1", "152", "2000-09-14", "2000-09-20", "0.00"),
("203", "1", "169", "2001-11-19", "2001-12-10", "0.00"),
("204", "1", "149", "2000-12-11", "2001-01-12", "1.80"),
("204", "1", "166", "2002-02-27", "", "0.00"),
("205", "1", "61", "2002-01-16", "2002-02-05", "0.00"),
("205", "1", "69", "2001-04-17", "2001-05-15", "1.00"),
("205", "1", "103", "2000-09-18", "2000-10-19", "1.60"),
("205", "1", "104", "2001-06-04", "2001-06-25", "0.00"),
("205", "1", "118", "2000-11-27", "2000-12-20", "0.40"),
("205", "1", "124", "2001-10-12", "2001-11-02", "0.00"),
("205", "1", "146", "2001-11-19", "2001-12-10", "0.00"),
("205", "1", "194", "2001-02-15", "2001-03-28", "2.80"),
("206", "1", "53", "2001-10-02", "2001-11-05", "1.80"),
("206", "1", "59", "2000-11-30", "2000-12-18", "0.00"),
("206", "1", "77", "2001-02-12", "2001-03-23", "2.80"),
("206", "1", "86", "2000-10-05", "2000-10-11", "0.00"),
("206", "1", "146", "2002-01-07", "2002-01-28", "0.00"),
("206", "1", "174", "2001-04-25", "2001-05-16", "0.00"),
("207", "1", "70", "2002-01-16", "2002-01-28", "0.00"),
("207", "1", "104", "2001-03-26", "2001-04-13", "0.00"),
("207", "1", "109", "2000-11-23", "2000-12-12", "0.00"),
("209", "1", "76", "2001-04-24", "2001-05-30", "2.20"),
("209", "1", "90", "2002-01-07", "2002-01-14", "0.00"),
("209", "1", "104", "2001-02-12", "2001-02-16", "0.00"),
("209", "1", "118", "2001-09-19", "2001-10-29", "2.60"),
("209", "1", "163", "2001-01-22", "2001-02-05", "0.00"),
("209", "1", "171", "2002-02-05", "", "0.00"),
("209", "1", "183", "2000-11-10", "2001-01-15", "4.00"),
("210", "1", "55", "2002-02-22", "", "0.00"),
("210", "1", "72", "2000-11-17", "2000-11-30", "0.00"),
("210", "1", "73", "2000-09-13", "2000-09-25", "0.00"),
("210", "1", "76", "2001-05-28", "2001-06-18", "0.00"),
("210", "1", "86", "2002-01-08", "2002-02-18", "2.80"),
("210", "1", "113", "2001-11-26", "2001-12-05", "0.00"),
("210", "1", "144", "2000-10-30", "2000-11-08", "0.00"),
("210", "1", "146", "2001-01-15", "2001-02-19", "2.00"),
("210", "1", "166", "2001-03-13", "2001-04-09", "0.80"),
("210", "1", "171", "2001-09-12", "2001-10-16", "1.80"),
("210", "1", "193", "2001-04-24", "2001-05-14", "0.00"),
("211", "1", "103", "2001-02-19", "2001-03-13", "0.20"),
("211", "1", "165", "2001-03-26", "2001-05-18", "4.00"),
("211", "1", "178", "2002-01-25", "2002-02-20", "0.60"),
("211", "1", "182", "2001-10-29", "2001-11-27", "1.20"),
("211", "1", "190", "2000-12-13", "2001-01-15", "1.60"),
("212", "1", "88", "2001-03-08", "2001-04-12", "2.00"),
("213", "1", "69", "2002-01-11", "2002-01-28", "0.00"),
("213", "1", "73", "2001-05-15", "2001-06-04", "0.00"),
("213", "1", "93", "2002-02-25", "", "0.00"),
("213", "1", "124", "2000-10-12", "2000-11-10", "1.20"),
("213", "1", "129", "2001-06-15", "2001-07-04", "0.00"),
("213", "1", "140", "2000-12-04", "2001-01-18", "3.60"),
("213", "1", "174", "2001-10-15", "2001-11-15", "1.60"),
("213", "1", "186", "2001-02-22", "2001-03-29", "2.00"),
("215", "1", "110", "2001-02-23", "2001-03-16", "0.00"),
("215", "1", "116", "2001-10-08", "2001-11-08", "1.60"),
("215", "1", "118", "2001-12-10", "2002-01-07", "1.00"),
("215", "1", "163", "2001-01-10", "2001-02-05", "0.60"),
("215", "1", "169", "2000-11-06", "2000-11-29", "0.40"),
("215", "1", "170", "2001-03-28", "2001-04-09", "0.00"),
("215", "1", "179", "2002-01-28", "2002-02-04", "0.00"),
("215", "1", "184", "2001-05-30", "2001-06-20", "0.00"),
("215", "1", "190", "2000-09-11", "2000-09-25", "0.00"),
("215", "2", "70", "2001-03-19", "2001-03-27", "0.00"),
("215", "2", "71", "2001-04-24", "2001-06-11", "3.80"),
("215", "2", "73", "2001-02-12", "2001-03-08", "0.60"),
("215", "2", "75", "2000-11-17", "2000-12-04", "0.00"),
("215", "2", "89", "2001-04-02", "2001-04-18", "0.00"),
("215", "2", "96", "2000-12-08", "2001-01-29", "4.00"),
("215", "2", "101", "2001-10-15", "2001-11-12", "1.00"),
("215", "2", "114", "2001-11-28", "2002-01-14", "3.60"),
("215", "2", "128", "2002-02-25", "", "0.00"),
("215", "2", "162", "2000-09-20", "2000-10-30", "2.60"),
("216", "1", "58", "2001-10-15", "2001-11-15", "1.60"),
("216", "1", "101", "2001-05-16", "2001-06-14", "1.20"),
("216", "1", "118", "2002-01-07", "2002-01-21", "0.00"),
("216", "1", "128", "2000-09-29", "2000-10-12", "0.00"),
("216", "1", "164", "2000-12-18", "2001-01-15", "1.00"),
("216", "1", "170", "2000-11-06", "2000-11-21", "0.00"),
("216", "1", "193", "2001-02-23", "2001-03-23", "1.00"),
("216", "2", "54", "2001-04-16", "2001-05-16", "1.40"),
("216", "2", "59", "2001-10-03", "2001-11-06", "1.80"),
("216", "2", "83", "2001-03-08", "2001-03-16", "0.00"),
("216", "2", "113", "2001-01-17", "2001-02-05", "0.00"),
("216", "2", "123", "2002-02-18", "", "0.00"),
("216", "2", "139", "2000-12-14", "2000-12-22", "0.00"),
("216", "2", "156", "2000-09-26", "2000-10-12", "0.00"),
("218", "1", "61", "2001-06-12", "2001-07-03", "0.00"),
("218", "1", "88", "2000-09-11", "2000-10-02", "0.00"),
("218", "1", "112", "2001-11-13", "2001-11-22", "0.00"),
("218", "1", "142", "2001-01-30", "2001-03-15", "3.40"),
("218", "1", "150", "2001-12-06", "2002-01-09", "1.80"),
("218", "1", "154", "2002-02-04", "", "0.00"),
("218", "1", "159", "2001-03-28", "2001-04-18", "0.00"),
("218", "1", "165", "2001-10-08", "2001-11-08", "1.60"),
("218", "1", "169", "2000-12-15", "2001-01-18", "1.80"),
("218", "1", "179", "2000-10-17", "2000-11-14", "1.00"),
("218", "1", "191", "2001-05-09", "2001-06-04", "0.60"),
("219", "1", "86", "2001-04-20", "2001-05-17", "0.80"),
("219", "1", "104", "2001-01-29", "2001-02-20", "0.20"),
("219", "1", "116", "2001-12-14", "2002-01-22", "2.40"),
("219", "1", "121", "2000-12-05", "2000-12-13", "0.00"),
("219", "1", "135", "2000-09-04", "2000-09-25", "0.00"),
("219", "1", "140", "2001-03-26", "2001-04-10", "0.00"),
("219", "1", "145", "2001-06-05", "2001-06-26", "0.00"),
("219", "1", "161", "2001-11-05", "2001-11-21", "0.00"),
("219", "1", "194", "2000-10-20", "2000-11-13", "0.20"),
("221", "1", "69", "2000-09-20", "2000-10-19", "1.20"),
("221", "1", "70", "2001-09-14", "2001-10-04", "0.00"),
("221", "1", "71", "2001-03-20", "2001-04-17", "1.00"),
("221", "1", "115", "2001-05-28", "2001-06-14", "0.00"),
("221", "1", "136", "2001-11-28", "2002-01-17", "4.00"),
("221", "1", "161", "2002-02-05", "2002-02-25", "0.00"),
("221", "1", "193", "2000-11-13", "2000-12-11", "1.00"),
("221", "1", "196", "2001-01-29", "2001-02-15", "0.00"),
("222", "1", "55", "2001-03-09", "2001-03-26", "0.00"),
("222", "1", "71", "2001-06-13", "2001-07-03", "0.00"),
("222", "1", "72", "2000-11-16", "2000-11-28", "0.00"),
("222", "1", "93", "2001-11-05", "2001-11-15", "0.00"),
("222", "1", "111", "2002-01-21", "", "0.00"),
("222", "1", "113", "2000-12-04", "2000-12-21", "0.00"),
("222", "1", "179", "2000-09-11", "2000-10-13", "1.80"),
("223", "1", "91", "2001-09-24", "2001-10-29", "2.00"),
("223", "1", "108", "2001-11-16", "2001-12-13", "0.80"),
("223", "1", "110", "2001-01-26", "2001-02-19", "0.20"),
("223", "1", "115", "2000-09-15", "2000-10-04", "0.00"),
("223", "1", "119", "2000-10-11", "2000-11-13", "1.60"),
("223", "1", "121", "2000-11-27", "2000-12-08", "0.00"),
("223", "1", "135", "2001-03-12", "2001-04-02", "0.00"),
("223", "1", "139", "2001-05-07", "2001-06-08", "1.80"),
("223", "1", "144", "2001-04-09", "2001-04-20", "0.00"),
("223", "1", "149", "2002-01-21", "2002-01-29", "0.00"),
("223", "1", "152", "2002-02-25", "", "0.00"),
("225", "1", "83", "2000-11-15", "2000-12-18", "1.60"),
("225", "1", "92", "2001-12-17", "2002-01-17", "1.60"),
("225", "1", "111", "2001-11-23", "2001-12-10", "0.00"),
("225", "1", "118", "2000-09-25", "2000-10-18", "0.40"),
("225", "1", "138", "2001-03-19", "2001-04-23", "2.00"),
("225", "1", "142", "2002-02-05", "2002-02-25", "0.00"),
("225", "1", "169", "2001-10-17", "2001-11-12", "0.60"),
("225", "1", "181", "2001-05-18", "2001-06-08", "0.00"),
("225", "1", "183", "2001-02-12", "2001-03-12", "1.00"),
("225", "2", "52", "2001-05-11", "2001-06-04", "0.20"),
("225", "2", "70", "2002-01-17", "2002-02-04", "0.00"),
("225", "2", "77", "2001-03-12", "2001-04-02", "0.00"),
("225", "2", "94", "2001-09-04", "2001-09-17", "0.00"),
("225", "2", "168", "2000-10-03", "2000-11-07", "2.00"),
("225", "2", "171", "2000-12-11", "2001-01-10", "1.40"),
("225", "2", "192", "2001-11-20", "2001-11-26", "0.00"),
("226", "1", "53", "2001-02-20", "2001-04-09", "3.80"),
("226", "1", "59", "2001-06-14", "2001-07-05", "0.00"),
("226", "1", "70", "2001-04-27", "2001-05-14", "0.00"),
("226", "1", "94", "2001-11-30", "2002-01-10", "2.80"),
("226", "1", "124", "2000-12-18", "2001-01-15", "1.00"),
("226", "1", "145", "2001-10-19", "2001-11-05", "0.00"),
("226", "1", "154", "2000-11-01", "2000-11-23", "0.20"),
("226", "1", "163", "2000-09-15", "2000-10-02", "0.00"),
("226", "1", "163", "2002-01-21", "2002-02-19", "1.20"),
("227", "1", "58", "2001-05-18", "2001-06-15", "1.00"),
("227", "1", "59", "2001-09-13", "2001-10-04", "0.00"),
("227", "1", "72", "2002-01-23", "2002-02-21", "1.20"),
("227", "1", "77", "2001-12-10", "2002-01-10", "1.60"),
("227", "1", "80", "2002-02-21", "", "0.00"),
("227", "1", "95", "2001-11-08", "2001-12-03", "0.40"),
("227", "1", "100", "2000-10-03", "2000-10-12", "0.00"),
("227", "1", "114", "2000-11-08", "2000-12-04", "0.60"),
("227", "1", "120", "2001-10-09", "2001-10-18", "0.00"),
("227", "1", "121", "2000-12-04", "2001-01-22", "4.00"),
("227", "1", "141", "2001-04-17", "2001-04-23", "0.00"),
("227", "1", "177", "2001-02-20", "2001-04-09", "3.80"),
("227", "1", "181", "2000-09-26", "2000-10-02", "0.00"),
("227", "2", "54", "2000-11-17", "2000-12-06", "0.00"),
("227", "2", "100", "2001-06-13", "2001-06-27", "0.00"),
("227", "2", "122", "2002-01-29", "2002-02-26", "1.00"),
("227", "2", "123", "2000-10-02", "2000-10-13", "0.00"),
("227", "2", "126", "2001-04-04", "2001-04-13", "0.00"),
("227", "2", "163", "2000-12-11", "2001-01-24", "2.00"),
("227", "2", "163", "2001-12-03", "2001-12-17", "0.00"),
("227", "2", "185", "2001-09-21", "2001-11-01", "2.80"),
("227", "2", "190", "2001-02-06", "2001-02-19", "0.00"),
("230", "1", "51", "2001-02-19", "2001-03-16", "0.80"),
("230", "1", "56", "2001-09-24", "2001-10-10", "0.00"),
("230", "1", "86", "2002-01-14", "2002-01-23", "0.00"),
("230", "1", "111", "2000-11-02", "2000-11-27", "0.40"),
("231", "1", "54", "2001-11-06", "2001-11-29", "0.40"),
("231", "1", "61", "2001-04-02", "2001-04-26", "0.60"),
("231", "1", "76", "2002-01-21", "2002-02-19", "1.20"),
("231", "1", "94", "2001-10-05", "2001-10-17", "0.00"),
("231", "1", "96", "2001-02-12", "2001-02-20", "0.00"),
("231", "1", "100", "2001-03-12", "2001-03-20", "0.00"),
("231", "1", "113", "2000-09-14", "2000-10-02", "0.00"),
("231", "1", "141", "2000-11-20", "2000-12-04", "0.00"),
("231", "1", "191", "2000-12-11", "2001-01-29", "4.00"),
("231", "1", "192", "2001-05-29", "2001-06-19", "0.00"),
("232", "1", "95", "2001-01-15", "2001-01-26", "0.00"),
("232", "1", "111", "2001-10-01", "2001-10-19", "0.00"),
("232", "1", "118", "2001-12-21", "2002-01-28", "2.20"),
("232", "1", "120", "2001-02-13", "2001-03-06", "0.00"),
("232", "1", "123", "2001-06-13", "2001-07-02", "0.00"),
("232", "1", "181", "2000-10-02", "2000-10-20", "0.00"),
("232", "1", "186", "2001-04-11", "2001-05-18", "2.40"),
("232", "2", "99", "2001-04-16", "2001-05-07", "0.00"),
("232", "2", "103", "2000-10-05", "2000-10-18", "0.00"),
("232", "2", "124", "2001-10-01", "2001-11-02", "1.80"),
("232", "2", "126", "2000-11-23", "2000-12-04", "0.00"),
("232", "2", "150", "2002-01-28", "", "0.00"),
("232", "2", "162", "2001-11-26", "2001-12-06", "0.00"),
("240", "1", "56", "2001-01-26", "2001-03-05", "2.20"),
("240", "1", "64", "2000-11-08", "2000-11-22", "0.00"),
("240", "1", "95", "2000-09-12", "2000-09-27", "0.00"),
("240", "1", "109", "2001-06-12", "2001-07-02", "0.00"),
("240", "1", "115", "2001-04-18", "2001-06-11", "4.00"),
("240", "1", "167", "2001-10-15", "2001-11-06", "0.20"),
("240", "1", "181", "2001-12-06", "2002-01-15", "2.60"),
("240", "1", "194", "2000-12-07", "2001-01-08", "1.40"),
("241", "1", "51", "2000-10-30", "2000-11-28", "1.20"),
("241", "1", "58", "2001-10-29", "2001-12-05", "2.40"),
("241", "1", "69", "2002-01-07", "2002-01-28", "0.00"),
("241", "1", "75", "2001-06-07", "2001-06-25", "0.00"),
("241", "1", "86", "2000-12-13", "2001-01-11", "1.20"),
("241", "1", "95", "2000-09-15", "2000-10-09", "0.20"),
("241", "1", "104", "2001-09-17", "2001-10-08", "0.00"),
("241", "1", "134", "2001-02-09", "2001-03-12", "1.20"),
("241", "1", "150", "2002-02-25", "", "0.00"),
("241", "1", "161", "2001-04-03", "2001-05-11", "2.60"),
("242", "1", "60", "2001-11-06", "2001-11-30", "0.60"),
("242", "1", "85", "2001-02-13", "2001-02-21", "0.00"),
("242", "1", "86", "2000-11-13", "2000-11-30", "0.00"),
("242", "1", "105", "2001-04-20", "2001-05-17", "0.80"),
("242", "1", "111", "2000-09-25", "2000-10-30", "2.00"),
("242", "1", "140", "2002-01-18", "2002-02-25", "2.20"),
("242", "1", "169", "2001-03-06", "2001-04-06", "1.60"),
("242", "1", "172", "2001-01-23", "2001-02-06", "0.00"),
("242", "1", "196", "2001-09-14", "2001-10-15", "1.20"),
("243", "1", "64", "2002-02-21", "", "0.00"),
("243", "1", "94", "2001-10-15", "2001-10-30", "0.00"),
("243", "1", "104", "2001-06-07", "2001-06-28", "0.00"),
("243", "1", "106", "2002-01-21", "2002-02-19", "1.20"),
("243", "1", "113", "2000-09-12", "2000-10-30", "3.80"),
("243", "1", "146", "2001-04-09", "2001-04-25", "0.00"),
("243", "1", "154", "2000-11-13", "2000-11-28", "0.00"),
("243", "1", "156", "2001-05-16", "2001-05-29", "0.00"),
("243", "1", "157", "2000-12-20", "2001-02-05", "3.60"),
("243", "1", "163", "2001-12-12", "2002-01-08", "0.80"),
("243", "1", "166", "2000-12-01", "2000-12-18", "0.00"),
("243", "1", "168", "2001-11-09", "2001-12-10", "1.20"),
("243", "1", "175", "2001-03-05", "2001-03-29", "0.60"),
("244", "1", "52", "2001-09-10", "2001-10-19", "2.80"),
("244", "1", "71", "2001-02-19", "2001-03-14", "0.40"),
("244", "1", "100", "2002-02-04", "2002-02-20", "0.00"),
("244", "1", "107", "2000-11-27", "2000-12-13", "0.00"),
("244", "1", "109", "2001-11-05", "2001-11-29", "0.60"),
("244", "1", "130", "2001-01-15", "2001-02-01", "0.00"),
("244", "1", "138", "2000-09-18", "2000-10-06", "0.00"),
("244", "1", "149", "2000-10-31", "2000-11-20", "0.00"),
("244", "1", "152", "2001-04-04", "2001-05-15", "2.80"),
("244", "1", "169", "2001-12-07", "2002-01-18", "3.00"),
("244", "1", "185", "2002-02-28", "", "0.00"),
("245", "1", "92", "2002-01-09", "2002-01-28", "0.00"),
("245", "1", "120", "2001-12-17", "2002-01-09", "0.40"),
("245", "1", "124", "2002-02-20", "", "0.00"),
("245", "1", "194", "2001-02-02", "2002-02-08", "0.00"),
("251", "1", "60", "2000-09-29", "2000-11-06", "2.20"),
("251", "1", "86", "2001-01-17", "2001-01-23", "0.00"),
("251", "1", "104", "2001-10-18", "2001-11-12", "0.40"),
("251", "1", "124", "2001-03-21", "2001-03-26", "0.00"),
("251", "1", "155", "2001-05-09", "2001-05-30", "0.00"),
("251", "1", "163", "2000-11-20", "2000-12-07", "0.00"),
("251", "1", "190", "2002-01-10", "2002-01-24", "0.00"),
("252", "1", "79", "2002-01-24", "2002-02-28", "2.00"),
("252", "1", "80", "2001-04-02", "2001-04-23", "0.00"),
("252", "1", "86", "2000-10-19", "2000-11-27", "2.40"),
("252", "1", "118", "2001-10-29", "2001-11-30", "1.80"),
("252", "1", "150", "2001-06-05", "2001-06-26", "0.00"),
("252", "1", "193", "2000-12-18", "2001-01-12", "0.80"),
("253", "1", "103", "2000-11-16", "2000-12-04", "0.00"),
("253", "1", "118", "2001-09-12", "2001-11-05", "4.00"),
("253", "1", "121", "2001-05-14", "2001-06-15", "1.80"),
("253", "1", "122", "2001-02-23", "2001-04-02", "2.20"),
("253", "1", "144", "2000-09-29", "2000-11-06", "2.20"),
("253", "1", "154", "2001-12-03", "2002-01-07", "2.00"),
("253", "1", "160", "2002-01-21", "2002-01-25", "0.00"),
("253", "1", "193", "2000-12-22", "2001-01-23", "1.40"),
("254", "1", "51", "2001-03-26", "2001-04-02", "0.00"),
("254", "1", "105", "2001-11-14", "2001-11-26", "0.00"),
("254", "1", "108", "2002-01-14", "2002-02-05", "0.20"),
("254", "1", "146", "2000-10-10", "2000-11-09", "1.40"),
("254", "1", "180", "2000-12-05", "2001-01-12", "2.60"),
("255", "1", "54", "2002-02-25", "", "0.00"),
("255", "1", "92", "2000-09-18", "2000-10-02", "0.00"),
("255", "1", "95", "2001-03-28", "2001-04-20", "0.40"),
("255", "1", "115", "2001-12-17", "2002-01-11", "0.80"),
("255", "1", "124", "2001-01-31", "2001-03-05", "1.60"),
("255", "1", "129", "2001-06-11", "2001-06-25", "0.00"),
("255", "1", "146", "2001-10-15", "2001-11-19", "2.00"),
("255", "1", "194", "2000-11-01", "2000-11-13", "0.00"),
("256", "1", "54", "2001-01-26", "2001-02-12", "0.00"),
("256", "1", "72", "2000-11-13", "2000-11-27", "0.00"),
("256", "1", "154", "2001-04-02", "2001-05-07", "2.00"),
("256", "1", "163", "2001-12-04", "2002-01-10", "2.40"),
("256", "1", "181", "2000-09-13", "2000-09-25", "0.00"),
("256", "1", "194", "2001-09-03", "2001-09-24", "0.00"),
("257", "1", "71", "2001-10-11", "2001-11-01", "0.00"),
("257", "1", "175", "2002-01-16", "2002-02-05", "0.00"),
("258", "1", "96", "2001-01-25", "2001-02-09", "0.00"),
("258", "1", "100", "2000-09-18", "2000-10-06", "0.00"),
("258", "1", "105", "2002-01-07", "2002-02-01", "0.80"),
("258", "1", "114", "2001-03-23", "2001-04-11", "0.00"),
("258", "1", "115", "2001-09-11", "2001-10-10", "1.20"),
("258", "1", "119", "2000-12-14", "2001-01-12", "1.20"),
("258", "1", "132", "2001-11-19", "2001-12-03", "0.00"),
("258", "1", "151", "2000-11-20", "2000-12-08", "0.00"),
("258", "1", "167", "2001-05-07", "2001-06-06", "1.40"),
("258", "2", "59", "2000-10-31", "2000-11-16", "0.00"),
("258", "2", "67", "2001-11-19", "2001-12-11", "0.20"),
("258", "2", "70", "2001-09-10", "2001-09-24", "0.00"),
("258", "2", "166", "2001-04-09", "2001-04-23", "0.00"),
("258", "2", "178", "2001-01-08", "2001-02-16", "2.80"),
("259", "1", "194", "2002-01-21", "", "0.00"),
("260", "1", "137", "2001-10-08", "2001-11-09", "1.80"),
("260", "1", "185", "2001-12-04", "2001-12-20", "0.00"),
("260", "1", "191", "2002-02-20", "", "0.00"),
("261", "1", "51", "2002-02-08", "", "0.00"),
("261", "1", "68", "2001-01-19", "2001-02-13", "0.40"),
("261", "1", "82", "2001-11-06", "2001-11-26", "0.00"),
("261", "1", "87", "2001-06-12", "2001-07-03", "0.00"),
("261", "1", "108", "2000-12-04", "2000-12-12", "0.00"),
("261", "1", "127", "2002-01-24", "2002-01-31", "0.00"),
("261", "1", "134", "2000-10-02", "2000-11-08", "2.40"),
("261", "1", "185", "2001-12-17", "2002-01-10", "0.60"),
("261", "1", "191", "2001-09-26", "2001-10-16", "0.00"),
("261", "1", "196", "2001-04-23", "2001-05-07", "0.00"),
("261", "2", "52", "2001-09-17", "2001-11-01", "3.60"),
("261", "2", "55", "2001-01-08", "2001-01-19", "0.00"),
("261", "2", "70", "2000-11-16", "2000-12-18", "1.40"),
("261", "2", "85", "2001-05-08", "2001-06-07", "1.40"),
("261", "2", "107", "2002-02-19", "", "0.00"),
("261", "2", "138", "2001-11-09", "2001-11-30", "0.00"),
("261", "2", "146", "2001-12-11", "2002-01-14", "1.80"),
("261", "2", "157", "2000-09-27", "2000-10-30", "1.60"),
("261", "2", "162", "2002-01-22", "2002-02-11", "0.00"),
("261", "2", "176", "2001-02-19", "2001-04-03", "3.20"),
("261", "2", "188", "2001-01-31", "2001-02-13", "0.00"),
("262", "1", "66", "2001-01-16", "2001-01-31", "0.00"),
("262", "1", "95", "2000-12-05", "2000-12-14", "0.00"),
("262", "1", "99", "2002-02-20", "", "0.00"),
("262", "1", "111", "2000-09-05", "2000-09-20", "0.00"),
("262", "1", "115", "2000-09-27", "2000-10-12", "0.00"),
("262", "1", "123", "2001-06-06", "2001-06-27", "0.00"),
("262", "1", "126", "2000-10-19", "2000-11-20", "1.40"),
("262", "1", "132", "2001-12-11", "2002-01-09", "1.20"),
("262", "1", "135", "2001-11-12", "2001-11-28", "0.00"),
("262", "1", "154", "2002-01-17", "2002-02-18", "1.40"),
("262", "1", "163", "2001-02-19", "2001-03-14", "0.40"),
("262", "1", "176", "2001-09-20", "2001-10-05", "0.00"),
("262", "1", "178", "2001-04-06", "2001-05-14", "2.20"),
("262", "2", "57", "2000-09-19", "2000-10-20", "1.60"),
("262", "2", "59", "2001-03-09", "2001-04-02", "0.20"),
("262", "2", "69", "2001-09-26", "2001-10-10", "0.00"),
("262", "2", "84", "2000-11-07", "2000-12-11", "1.80"),
("262", "2", "93", "2001-10-29", "2001-11-26", "1.00"),
("262", "2", "96", "2002-01-23", "2002-02-04", "0.00"),
("262", "2", "112", "2001-01-15", "2001-02-14", "1.40"),
("262", "2", "114", "2001-04-04", "2001-04-19", "0.00"),
("262", "2", "129", "2002-02-07", "2002-02-26", "0.00"),
("262", "2", "159", "2001-04-24", "2001-05-15", "0.00"),
("262", "2", "186", "2001-12-21", "2002-01-14", "0.20"),
("263", "1", "86", "2001-11-21", "2001-11-29", "0.00"),
("263", "1", "149", "2001-12-10", "2002-01-21", "3.00"),
("263", "1", "166", "2001-10-08", "2001-11-05", "1.00"),
("263", "1", "170", "2001-06-04", "2001-06-21", "0.00"),
("263", "1", "185", "2002-02-20", "", "0.00"),
("264", "1", "53", "2000-10-03", "2000-10-11", "0.00"),
("264", "1", "53", "2000-12-05", "2000-12-18", "0.00"),
("264", "1", "61", "2001-04-11", "2001-05-07", "0.60"),
("264", "1", "102", "2001-09-13", "2001-10-10", "0.80"),
("264", "1", "112", "2002-01-28", "", "0.00"),
("264", "1", "118", "2001-11-12", "2001-11-26", "0.00"),
("264", "1", "157", "2001-12-10", "2002-01-14", "2.00"),
("264", "1", "160", "2001-03-13", "2001-04-02", "0.00"),
("264", "1", "169", "2000-11-06", "2000-11-14", "0.00"),
("264", "1", "174", "2001-01-17", "2001-02-08", "0.20"),
("264", "1", "176", "2001-05-15", "2001-06-15", "1.60"),
("264", "2", "57", "2000-09-19", "2000-10-05", "0.00"),
("264", "2", "60", "2001-01-15", "2001-01-30", "0.00"),
("264", "2", "66", "2001-04-16", "2001-05-28", "3.00"),
("264", "2", "83", "2000-10-30", "2000-11-09", "0.00"),
("264", "2", "86", "2001-10-30", "2001-11-12", "0.00"),
("264", "2", "108", "2001-09-03", "2001-10-05", "1.80"),
("264", "2", "123", "2000-11-17", "2000-12-08", "0.00"),
("264", "2", "186", "2001-02-15", "2001-03-12", "0.40"),
("264", "2", "192", "2002-01-18", "2002-02-21", "1.80"),
("265", "1", "59", "2002-01-10", "2002-02-18", "2.40"),
("265", "1", "86", "2001-04-23", "2001-05-15", "0.20"),
("265", "1", "106", "2001-06-12", "2001-07-03", "0.00"),
("265", "1", "120", "2001-10-31", "2001-11-05", "0.00"),
("265", "2", "70", "2001-09-24", "2001-10-08", "0.00"),
("265", "2", "77", "2001-06-11", "2001-06-26", "0.00"),
("265", "2", "102", "2002-02-19", "", "0.00"),
("265", "2", "144", "2001-12-03", "2001-12-10", "0.00"),
("265", "2", "188", "2002-02-04", "2002-02-18", "0.00"),
("266", "1", "60", "2001-05-09", "2001-06-13", "2.00"),
("266", "1", "69", "2001-12-05", "2002-02-04", "4.00"),
("266", "1", "70", "2001-02-02", "2001-03-16", "3.00"),
("266", "1", "86", "2000-09-25", "2000-10-02", "0.00"),
("266", "1", "118", "2001-03-27", "2001-04-09", "0.00"),
("266", "1", "120", "2001-04-16", "2001-04-23", "0.00"),
("266", "1", "140", "2001-10-08", "2001-11-05", "1.00"),
("266", "1", "143", "2000-10-30", "2000-11-20", "0.00"),
("266", "1", "154", "2000-12-04", "2001-01-15", "3.00"),
("267", "1", "59", "2001-12-17", "2002-01-09", "0.40"),
("267", "1", "116", "2001-05-11", "2001-06-01", "0.00"),
("267", "1", "169", "2001-10-05", "2001-10-31", "0.60"),
("268", "1", "82", "2001-09-17", "2001-09-24", "0.00"),
("268", "1", "86", "2002-02-08", "", "0.00"),
("268", "1", "160", "2002-01-07", "2002-01-21", "0.00");
INSERT INTO auteurs VALUES ("30", "Marten", "M.", "", "Toonder", "1912", ""),
("31", "Hendrik", "H.", "", "Marsman", "1899", "1940"),
("32", "", "J.", "", "Bernlef", "1937", ""),
("33", "Maarten", "J.", "", "Biesheuvel", "1939", ""),
("34", "Ronald", "R.", "", "Giphart", "1965", ""),
("35", "Godfried", "G.", "", "Bomans", "1913", "1971"),
("36", "Joost", "J.", "van den", "Vondel", "1587", "1679"),
("37", "", "F.", "", "Bordewijk", "1884", "1965"),
("38", "", "G. A.", "", "Bredero", "1585", "1618"),
("39", "Remco", "R.", "", "Campert", "1929", ""),
("40", "Simon", "S.", "", "Carmiggelt", "1913", "1987"),
("41", "Hugo", "H.", "", "Claus", "1929", ""),
("42", "William", "W.", "", "Golding", "1911", "1993"),
("43", "", "A. F. Th.", "van der", "Heijden", "1951", ""),
("44", "", "", "", "Nescio", "1882", "1961"),
("46", "Heere", "H.", "", "Heeresma", "1932", ""),
("47", "Willem Frederik", "W. F.", "", "Hermans", "1921", "1995"),
("48", "Ward", "W.", "", "Hermans", "", ""),
("49", "Herman", "H.", "", "Heyermans", "1864", "1924"),
("50", "Gerrit", "G.", "", "Komrij", "1944", ""),
("51", "Rudy", "R.", "", "Kousbroek", "1929", ""),
("52", "Leon", "L.", "de", "Winter", "1954", ""),
("53", "Joost", "J.", "", "Zwagerman", "1963", ""),
("56", "Toon", "T.", "", "Kortooms", "1916", "1999"),
("58", "Harry", "H.", "", "Mulisch", "1927", ""),
("59", "", "", "", "Multatuli", "1820", "1887"),
("60", "George", "G.", "", "Orwell", "1903", "1950"),
("61", "Richard", "R.", "", "Adams", "1920", ""),
("62", "Gerard", "G.", "", "Reve", "1923", ""),
("63", "Renate", "R.", "", "Rubinstein", "1935", "1992"),
("64", "", "J.", "", "Salinger", "1919", ""),
("65", "Neville", "N.", "", "Shute", "", ""),
("66", "Boudewijn", "B.", "", "Buch", "1948", ""),
("67", "Jonathan", "J.", "", "Swift", "1667", "1745"),
("68", "", "K.L.", "", "Verhoef", "", ""),
("69", "Simon", "S.", "", "Vestdijk", "1898", "1971"),
("70", "", "J. R. R.", "", "Tolkien", "1892", "1973"),
("71", "Marga", "M.", "", "Minco", "1930", ""),
("72", "Vidiadhar Surajprasad", "V. S.", "", "Naipaul", "1932", ""),
("73", "Jan", "J.", "", "Wolkers", "1925", ""),
("74", "", "J.H.", "", "Wolthers", "", ""),
("75", "Koos", "K.", "van", "Zomeren", "1946", ""),
("76", "Frank Martinus ", "F. E. M.", "", "Arion", "1936", ""),
("77", "", "", "", "Hildebrand", "", ""),
("78", "Jan Jacob", "J. J.", "", "Slauerhoff", "1898", "1936"),
("79", "Guido", "G.", "", "Gezelle", "", ""),
("80", "John", "J.", "", "Steinbeck", "1902", "1968"),
("81", "Charles", "C.", "", "Dickens", "1812", "1870"),
("82", "", "", "", "Voltaire", "", ""),
("83", "Albert", "A.", "", "Camus", "", ""),
("84", "Berthold", "B.", "", "Brecht", "", ""),
("85", "Neeltje Maria", "N. M.", "", "Min", "1944", ""),
("87", "", "C. P.", "", "Snow", "1905", "1980"),
("88", "Alexandre", "A.", "", "Dumas", "1802", "1870"),
("89", "Alexandre", "A.", "", "Dumas", "1824", "1895"),
("90", "Hella", "H.", "", "Haasse", "1918", ""),
("91", "Günter", "G.", "", "Grass", "1927", ""),
("92", "William Somerset", "W.S.", "", "Maugham", "1874", "1965"),
("93", "Ernest", "E.", "", "Hemingway", "1899", "1961"),
("94", "Manon", "M.", "", "Uphoff", "1962", ""),
("95", "John", "J. M.", "", "Coetzee", "1940", ""),
("96", "", "F.", "", "Springer", "1932", ""),
("97", "Nick", "N.", "", "Hornby", "1958", ""),
("98", "Jeroen", "J.", "", "Brouwers", "1940", ""),
("99", "Salman", "S.", "", "Rushdie", "1947", ""),
("100", "Renate", "R.", "", "Dorrestein", "1954", ""),
("101", "John", "J.", "", "Irving", "1942", ""),
("102", "Connie", "C.", "", "Palmen", "1955", ""),
("103", "Graham", "G.", "", "Greene", "1904", "1991"),
("104", "Anna", "A.", "", "Enqvist", "1945", ""),
("105", "Irvine", "I.", "", "Welsh", "1958", ""),
("106", "Vonne", "V.", "van der", "Meer", "1952", ""),
("107", "", "C. J.", "", "Date", "", ""),
("108", "Rick", "R. F.", "van der", "Lans", "", ""),
("109", "Donald", "D. E.", "", "Knuth", "", ""),
("110", "Grady", "G.", "", "Booch", "", ""),
("111", "Arthur", "A.", "van", "Hoff", "", ""),
("112", "Andrew", "A.", "", "Tanenbaum", "", ""),
("113", "Guido", "G.", "", "Bakema", "", ""),
("114", "Hugo", "H", "", "Brandt Corstius", "1935", ""),
("115", "Aoufi", "S.", "El", "Said", "", ""),
("116", "", "", "", "Ariosto", "1474", "1533"),
("117", "Lulu", "L.", "", "Wang", "1960", ""),
("118", "Colleen", "C.", "", "McCullough", "", ""),
("119", "Robert", "R.", "van", "Gulik", "1910", "1967"),
("120", "Ernest", "E.", "", "Claes", "1885", "1968"),
("121", "Max", "M.", "", "Dendermonde", "1919", ""),
("122", "Adriaan", "A.", "van", "Dis", "1946", ""),
("123", "Geoffrey", "G.", "", "Chaucer", "1340", "1400"),
("124", "Tim", "T.", "", "Krabbé", "1943", ""),
("125", "Karel", "K.", "", "Glastra van Loon", "1962", ""),
("126", "Arnon", "A.", "", "Grunberg", "1971", ""),
("127", "Carey", "P.", "", "Peter", "1943", ""),
("128", "Abdelkader", "A.", "", "Benali", "1975", ""),
("129", "Lieve", "L.", "", "Joris", "1953", ""),
("130", "Hafid", "H.", "", "Bouazza", "1970", ""),
("131", "Bruce", "B.", "", "Chatwin", "1940", "1989"),
("132", "Marcel", "M.", "", "Möring", "1957", ""),
("134", "Freek", "F.", "de", "Jonge", "", ""),
("137", "Amy", "A.", "", "Tan", "1952", ""),
("138", "Helen", "H.", "", "Fielding", "", ""),
("139", "Tom", "T.", "", "Wolfe", "1931", ""),
("140", "Stephen", "S. J.", "", "Gould", "", ""),
("141", "Thomas", "T.", "", "Ross", "", ""),
("144", "", "M.", "", "Ham", "", ""),
("147", "", "J.K.", "", "Ploegsma", "", ""),
("148", "", "M.", "", "Macgregor", "", ""),
("149", "", "K.", "", "Siegersma", "", ""),
("150", "", "R.", "", "Jansen", "", ""),
("151", "", "J.G.", "", "Janssen", "", ""),
("153", "", "K.P.", "", "Kleins", "", ""),
("999", "", "", "", "Anoniem", "", "");
INSERT INTO exemplaren VALUES ("1", "1", "j", "uitgeleend"),
("2", "1", "j", "uitgeleend"),
("3", "1", "j", "thuis"),
("3", "2", "j", "thuis"),
("3", "3", "j", "thuis"),
("4", "1", "j", "thuis"),
("5", "1", "j", "thuis"),
("5", "2", "j", "thuis"),
("5", "3", "j", "thuis"),
("6", "1", "j", "uitgeleend"),
("6", "2", "j", "thuis"),
("7", "1", "j", "thuis"),
("8", "1", "j", "thuis"),
("9", "1", "j", "thuis"),
("9", "2", "j", "thuis"),
("10", "1", "j", "thuis"),
("10", "2", "j", "thuis"),
("11", "1", "j", "uitgeleend"),
("11", "2", "j", "uitgeleend"),
("12", "1", "j", "gereserveerd"),
("13", "1", "j", "gereserveerd"),
("13", "2", "j", "uitgeleend"),
("14", "1", "j", "thuis"),
("15", "1", "j", "thuis"),
("15", "2", "j", "thuis"),
("16", "1", "j", "thuis"),
("17", "1", "j", "gereserveerd"),
("18", "1", "j", "uitgeleend"),
("18", "2", "j", "uitgeleend"),
("18", "3", "j", "thuis"),
("19", "1", "j", "uitgeleend"),
("20", "1", "j", "thuis"),
("21", "1", "j", "uitgeleend"),
("21", "2", "j", "gereserveerd"),
("22", "1", "j", "gereserveerd"),
("22", "2", "j", "uitgeleend"),
("23", "1", "j", "thuis"),
("23", "2", "j", "uitgeleend"),
("24", "1", "j", "uitgeleend"),
("24", "2", "j", "thuis"),
("25", "1", "j", "uitgeleend"),
("25", "2", "j", "uitgeleend"),
("26", "1", "j", "thuis"),
("26", "2", "j", "uitgeleend"),
("27", "1", "j", "thuis"),
("27", "2", "j", "uitgeleend"),
("27", "3", "j", "thuis"),
("28", "1", "j", "thuis"),
("30", "1", "j", "gereserveerd"),
("31", "1", "j", "thuis"),
("33", "1", "j", "uitgeleend"),
("33", "2", "j", "uitgeleend"),
("33", "3", "j", "uitgeleend"),
("34", "1", "j", "uitgeleend"),
("34", "2", "j", "gereserveerd"),
("34", "3", "j", "uitgeleend"),
("35", "1", "j", "uitgeleend"),
("36", "1", "j", "thuis"),
("37", "1", "j", "thuis"),
("39", "1", "j", "thuis"),
("39", "2", "j", "uitgeleend"),
("40", "1", "j", "zoekgeraakt"),
("41", "1", "j", "thuis"),
("42", "1", "j", "thuis"),
("43", "1", "j", "thuis"),
("43", "2", "j", "thuis"),
("47", "1", "j", "in reparatie"),
("48", "1", "j", "thuis"),
("49", "1", "j", "uitgeleend"),
("50", "1", "j", "thuis"),
("51", "1", "j", "thuis"),
("52", "1", "j", "thuis"),
("52", "2", "j", "uitgeleend"),
("53", "1", "j", "thuis"),
("54", "1", "j", "uitgeleend"),
("55", "1", "j", "thuis"),
("56", "1", "j", "thuis"),
("57", "1", "j", "thuis"),
("58", "1", "j", "thuis"),
("59", "1", "j", "thuis"),
("60", "1", "j", "thuis"),
("60", "2", "j", "uitgeleend"),
("61", "1", "j", "uitgeleend"),
("61", "2", "n", "thuis"),
("62", "1", "j", "thuis"),
("62", "2", "n", "thuis"),
("63", "1", "j", "thuis"),
("64", "1", "j", "uitgeleend"),
("64", "2", "j", "thuis"),
("65", "1", "j", "thuis"),
("67", "1", "j", "thuis"),
("68", "1", "j", "thuis"),
("68", "2", "n", "thuis"),
("70", "1", "j", "uitgeleend"),
("71", "1", "j", "uitgeleend"),
("72", "1", "j", "uitgeleend"),
("73", "1", "j", "uitgeleend"),
("73", "2", "j", "uitgeleend"),
("74", "1", "j", "thuis"),
("74", "2", "n", "thuis"),
("75", "1", "j", "thuis"),
("75", "2", "n", "thuis"),
("76", "1", "j", "uitgeleend"),
("76", "2", "j", "uitgeleend"),
("77", "1", "j", "uitgeleend"),
("77", "2", "j", "uitgeleend"),
("78", "1", "j", "thuis"),
("78", "2", "j", "uitgeleend"),
("79", "1", "j", "uitgeleend"),
("81", "1", "j", "uitgeleend"),
("81", "2", "j", "uitgeleend"),
("82", "1", "j", "uitgeleend"),
("83", "1", "j", "thuis"),
("86", "1", "j", "thuis"),
("87", "1", "j", "thuis"),
("88", "1", "j", "thuis"),
("89", "1", "j", "thuis"),
("90", "1", "j", "thuis"),
("90", "2", "j", "uitgeleend"),
("91", "1", "j", "thuis"),
("92", "1", "j", "thuis"),
("93", "1", "j", "uitgeleend"),
("93", "2", "j", "thuis"),
("94", "1", "j", "uitgeleend"),
("96", "1", "j", "thuis"),
("97", "1", "j", "uitgeleend"),
("97", "2", "j", "thuis"),
("98", "1", "j", "thuis"),
("99", "1", "j", "uitgeleend"),
("100", "1", "j", "uitgeleend"),
("100", "2", "j", "uitgeleend"),
("101", "1", "j", "uitgeleend"),
("102", "1", "j", "thuis"),
("103", "1", "j", "thuis"),
("103", "2", "j", "uitgeleend"),
("104", "1", "j", "uitgeleend"),
("104", "2", "j", "gereserveerd"),
("105", "1", "j", "thuis"),
("107", "1", "j", "gereserveerd"),
("108", "1", "j", "uitgeleend"),
("109", "1", "j", "uitgeleend"),
("110", "1", "j", "thuis"),
("110", "2", "j", "uitgeleend"),
("111", "1", "j", "thuis"),
("112", "1", "j", "thuis"),
("115", "1", "j", "uitgeleend"),
("115", "2", "j", "thuis"),
("116", "1", "j", "uitgeleend"),
("119", "1", "j", "thuis"),
("122", "1", "j", "thuis"),
("123", "1", "j", "uitgeleend"),
("124", "1", "j", "thuis"),
("125", "1", "j", "thuis"),
("126", "1", "j", "thuis"),
("127", "1", "j", "uitgeleend"),
("127", "2", "j", "uitgeleend"),
("128", "1", "j", "thuis"),
("129", "1", "j", "thuis"),
("129", "2", "j", "uitgeleend"),
("130", "1", "j", "thuis"),
("131", "1", "j", "uitgeleend"),
("131", "2", "j", "uitgeleend"),
("132", "1", "j", "gereserveerd"),
("133", "1", "j", "thuis"),
("140", "1", "j", "thuis"),
("141", "1", "j", "uitgeleend"),
("142", "1", "j", "thuis"),
("143", "1", "j", "thuis"),
("143", "2", "j", "uitgeleend"),
("145", "1", "j", "uitgeleend"),
("146", "1", "j", "uitgeleend"),
("147", "1", "j", "uitgeleend"),
("148", "1", "j", "thuis"),
("152", "1", "j", "uitgeleend"),
("153", "1", "j", "thuis"),
("154", "1", "j", "thuis"),
("155", "1", "j", "uitgeleend"),
("156", "1", "j", "thuis"),
("157", "1", "j", "in reparatie"),
("159", "1", "j", "uitgeleend"),
("159", "2", "j", "thuis"),
("160", "1", "j", "uitgeleend"),
("161", "1", "j", "uitgeleend"),
("162", "1", "j", "thuis"),
("163", "1", "j", "uitgeleend"),
("163", "2", "j", "uitgeleend"),
("164", "1", "j", "uitgeleend"),
("165", "1", "j", "uitgeleend"),
("166", "1", "j", "thuis"),
("184", "1", "j", "uitgeleend"),
("184", "2", "j", "thuis"),
("185", "1", "j", "gereserveerd"),
("185", "2", "j", "zoekgeraakt"),
("187", "1", "j", "thuis"),
("188", "1", "j", "uitgeleend"),
("189", "1", "j", "uitgeleend"),
("190", "1", "j", "thuis"),
("191", "1", "j", "thuis"),
("192", "1", "j", "thuis"),
("193", "1", "j", "thuis"),
("194", "1", "j", "thuis"),
("195", "1", "j", "thuis"),
("196", "1", "j", "thuis"),
("197", "1", "j", "thuis"),
("198", "1", "j", "thuis"),
("199", "1", "j", "thuis"),
("200", "1", "j", "uitgeleend"),
("201", "1", "j", "thuis"),
("202", "1", "j", "thuis"),
("203", "1", "j", "uitgeleend"),
("204", "1", "j", "uitgeleend"),
("205", "1", "j", "thuis"),
("206", "1", "j", "thuis"),
("207", "1", "j", "thuis"),
("208", "1", "j", "thuis"),
("209", "1", "j", "uitgeleend"),
("210", "1", "j", "uitgeleend"),
("211", "1", "j", "thuis"),
("212", "1", "j", "thuis"),
("213", "1", "j", "uitgeleend"),
("215", "1", "j", "thuis"),
("215", "2", "j", "uitgeleend"),
("216", "1", "j", "thuis"),
("216", "2", "j", "uitgeleend"),
("218", "1", "j", "uitgeleend"),
("219", "1", "j", "thuis"),
("220", "1", "j", "thuis"),
("221", "1", "j", "thuis"),
("222", "1", "j", "uitgeleend"),
("223", "1", "j", "uitgeleend"),
("225", "1", "j", "thuis"),
("225", "2", "j", "thuis"),
("226", "1", "j", "thuis"),
("227", "1", "j", "uitgeleend"),
("227", "2", "j", "thuis"),
("230", "1", "j", "thuis"),
("231", "1", "j", "thuis"),
("232", "1", "j", "thuis"),
("232", "2", "j", "uitgeleend"),
("240", "1", "j", "thuis"),
("241", "1", "j", "uitgeleend"),
("242", "1", "j", "thuis"),
("243", "1", "j", "uitgeleend"),
("244", "1", "j", "uitgeleend"),
("245", "1", "j", "uitgeleend"),
("250", "1", "j", "thuis"),
("251", "1", "j", "thuis"),
("251", "2", "n", "thuis"),
("252", "1", "j", "thuis"),
("253", "1", "j", "thuis"),
("253", "2", "n", "thuis"),
("254", "1", "j", "thuis"),
("255", "1", "j", "uitgeleend"),
("256", "1", "j", "thuis"),
("256", "2", "n", "thuis"),
("257", "1", "j", "thuis"),
("258", "1", "j", "thuis"),
("258", "2", "j", "thuis"),
("259", "1", "j", "uitgeleend"),
("260", "1", "j", "uitgeleend"),
("261", "1", "j", "uitgeleend"),
("261", "2", "j", "uitgeleend"),
("262", "1", "j", "uitgeleend"),
("262", "2", "j", "gereserveerd"),
("263", "1", "j", "uitgeleend"),
("264", "1", "j", "uitgeleend"),
("264", "2", "j", "gereserveerd"),
("265", "1", "j", "thuis"),
("265", "2", "j", "uitgeleend"),
("266", "1", "j", "thuis"),
("267", "1", "j", "thuis"),
("268", "1", "j", "uitgeleend"),
("269", "1", "j", "thuis");